{
	"credit": "Made with Blockbench",
	"parent": "block/block",
	"ambientocclusion": false,
	"textures": {
		"0": "block/podzol_top",
		"3": "block/hay_block_top",
		"4": "block/oak_planks",
		"5": "block/iron_block",
		"6": "item/carrot",
		"7": "item/beetroot",
		"8": "item/porkchop",
		"9": "item/bread",
		"10": "entity/chest/normal",
		"particle": "block/oak_planks"
	},
	"elements": [
		{
			"from": [9.53806, 9, 9.80866],
			"to": [10.53806, 10, 13.80866],
			"rotation": {"angle": 22.5, "axis": "y", "origin": [8, 8, 8]},
			"faces": {
				"north": {"uv": [0, 0, 1, 1], "texture": "#5"},
				"east": {"uv": [0, 0, 4, 1], "texture": "#5"},
				"south": {"uv": [0, 0, 1, 1], "texture": "#5"},
				"west": {"uv": [0, 0, 4, 1], "texture": "#5"},
				"up": {"uv": [0, 0, 4, 1], "rotation": 90, "texture": "#5"},
				"down": {"uv": [0, 0, 4, 1], "rotation": 270, "texture": "#5"}
			}
		},
		{
			"from": [6.53806, 7, 12.80866],
			"to": [8.53806, 8, 13.80866],
			"rotation": {"angle": 22.5, "axis": "y", "origin": [8, 8, 8]},
			"faces": {
				"south": {"uv": [0, 0, 2, 1], "texture": "#5"},
				"west": {"uv": [0, 0, 1, 1], "texture": "#5"},
				"up": {"uv": [0, 0, 1, 2], "rotation": 90, "texture": "#5"},
				"down": {"uv": [0, 0, 1, 2], "rotation": 270, "texture": "#5"}
			}
		},
		{
			"from": [6.53806, 7, 9.80866],
			"to": [8.53806, 8, 10.80866],
			"rotation": {"angle": 22.5, "axis": "y", "origin": [8, 8, 8]},
			"faces": {
				"north": {"uv": [0, 0, 2, 1], "texture": "#5"},
				"west": {"uv": [0, 0, 1, 1], "texture": "#5"},
				"up": {"uv": [0, 0, 1, 2], "rotation": 90, "texture": "#5"},
				"down": {"uv": [0, 0, 1, 2], "rotation": 270, "texture": "#5"}
			}
		},
		{
			"from": [5.53806, 7, 10.80866],
			"to": [7.53806, 8, 12.80866],
			"rotation": {"angle": 22.5, "axis": "y", "origin": [8, 8, 8]},
			"faces": {
				"north": {"uv": [0, 0, 2, 1], "texture": "#5"},
				"south": {"uv": [0, 0, 2, 1], "texture": "#5"},
				"west": {"uv": [0, 0, 2, 1], "texture": "#5"},
				"up": {"uv": [0, 0, 2, 2], "rotation": 90, "texture": "#5"},
				"down": {"uv": [0, 0, 2, 2], "rotation": 270, "texture": "#5"}
			}
		},
		{
			"from": [8.53806, 7, 12.80866],
			"to": [11.53806, 9, 13.80866],
			"rotation": {"angle": 22.5, "axis": "y", "origin": [8, 8, 8]},
			"faces": {
				"north": {"uv": [0, 0, 3, 2], "texture": "#5"},
				"east": {"uv": [0, 0, 1, 2], "texture": "#5"},
				"south": {"uv": [0, 0, 3, 2], "texture": "#5"},
				"west": {"uv": [0, 0, 1, 2], "texture": "#5"},
				"up": {"uv": [0, 0, 1, 3], "rotation": 90, "texture": "#5"},
				"down": {"uv": [0, 0, 1, 3], "rotation": 270, "texture": "#5"}
			}
		},
		{
			"from": [8.53806, 7, 9.80866],
			"to": [11.53806, 9, 10.80866],
			"rotation": {"angle": 22.5, "axis": "y", "origin": [8, 8, 8]},
			"faces": {
				"north": {"uv": [0, 0, 3, 2], "texture": "#5"},
				"east": {"uv": [0, 0, 1, 2], "texture": "#5"},
				"south": {"uv": [0, 0, 3, 2], "texture": "#5"},
				"west": {"uv": [0, 0, 1, 2], "texture": "#5"},
				"up": {"uv": [0, 0, 1, 3], "rotation": 90, "texture": "#5"},
				"down": {"uv": [0, 0, 1, 3], "rotation": 270, "texture": "#5"}
			}
		},
		{
			"from": [10.53806, 7, 10.80866],
			"to": [11.53806, 9, 12.80866],
			"rotation": {"angle": 22.5, "axis": "y", "origin": [8, 8, 8]},
			"faces": {
				"east": {"uv": [0, 2, 2, 4], "texture": "#5"},
				"west": {"uv": [0, 0, 3, 2], "texture": "#5"},
				"up": {"uv": [0, 0, 1, 3], "rotation": 180, "texture": "#5"},
				"down": {"uv": [0, 0, 1, 3], "rotation": 180, "texture": "#5"}
			}
		},
		{
			"name": "Sileagestain",
			"from": [7.53806, 7, 10.80866],
			"to": [10.53806, 8, 12.80866],
			"rotation": {"angle": 22.5, "axis": "y", "origin": [8, 8, 8]},
			"faces": {
				"up": {"uv": [0, 0, 4, 5.999], "rotation": 90, "texture": "#0"},
				"down": {"uv": [3, 0.5, 5, 3.5], "rotation": 270, "texture": "#5"}
			}
		},
		{
			"name": "bucket",
			"from": [8.5, 0, 5],
			"to": [14.5, 7, 6],
			"faces": {
				"north": {"uv": [1, 0, 2, 7], "texture": "#5"},
				"east": {"uv": [1, 0, 1.999, 7], "texture": "#5"},
				"south": {"uv": [8, 0, 13.999, 7], "texture": "#5"},
				"west": {"uv": [14, 0, 14.999, 7], "texture": "#5"},
				"up": {"uv": [1, 0, 6.999, 1], "texture": "#5"},
				"down": {"uv": [2.5, 0, 7.5, 1], "texture": "#5"}
			}
		},
		{
			"name": "bucket",
			"from": [8.5, 0, 1],
			"to": [14.5, 7, 2],
			"faces": {
				"north": {"uv": [6, 0, 11.999, 7], "texture": "#5"},
				"east": {"uv": [5, 0, 5.999, 7], "texture": "#5"},
				"south": {"uv": [1, 0, 2, 7], "texture": "#5"},
				"west": {"uv": [10, 0, 10.998, 7], "texture": "#5"},
				"up": {"uv": [2, 0, 8, 1], "texture": "#5"},
				"down": {"uv": [2.5, 0, 7.5, 1], "texture": "#5"}
			}
		},
		{
			"name": "bucket",
			"from": [8.5, 0, 2],
			"to": [9.5, 7, 5],
			"faces": {
				"east": {"uv": [1, 0, 6, 7], "texture": "#5"},
				"west": {"uv": [11, 0, 13.997, 7], "texture": "#5"},
				"up": {"uv": [9, 0, 11.999, 1], "rotation": 270, "texture": "#5"},
				"down": {"uv": [2.5, 0, 7.5, 1], "rotation": 90, "texture": "#5"}
			}
		},
		{
			"name": "bucket",
			"from": [13.5, 0, 2],
			"to": [14.5, 7, 5],
			"faces": {
				"east": {"uv": [2, 0, 4.999, 7], "texture": "#5"},
				"west": {"uv": [1, 0, 6, 7], "texture": "#5"},
				"up": {"uv": [2, 0, 4.999, 1], "rotation": 270, "texture": "#5"},
				"down": {"uv": [2.5, 0, 7.5, 1], "rotation": 90, "texture": "#5"}
			}
		},
		{
			"name": "bucket-bottom",
			"from": [9.5, 0, 2],
			"to": [13.5, 1, 5],
			"faces": {
				"down": {"uv": [2, 2, 6, 5], "texture": "#5"}
			}
		},
		{
			"name": "Slop",
			"from": [9.5, 5, 2],
			"to": [13.5, 6, 5],
			"faces": {
				"up": {"uv": [0, 0, 8.999, 6.999], "texture": "#0"}
			}
		},
		{
			"name": "Handle",
			"from": [14.5, 4, 3],
			"to": [15.5, 5, 4],
			"faces": {
				"north": {"uv": [1, 0, 1.999, 1], "texture": "#5"},
				"east": {"uv": [1, 0, 1.999, 1], "texture": "#5"},
				"south": {"uv": [1, 0, 1.999, 1], "texture": "#5"},
				"up": {"uv": [1, 0, 1.999, 1], "texture": "#5"},
				"down": {"uv": [1, 0, 1.999, 1], "texture": "#5"}
			}
		},
		{
			"name": "Handle",
			"from": [14.5, 3, 2],
			"to": [15.5, 4, 3],
			"faces": {
				"north": {"uv": [1, 0, 1.999, 1], "texture": "#5"},
				"east": {"uv": [1, 0, 1.999, 1], "texture": "#5"},
				"south": {"uv": [1, 0, 1.999, 1], "texture": "#5"},
				"up": {"uv": [1, 0, 1.999, 1], "texture": "#5"},
				"down": {"uv": [1, 0, 1.999, 1], "texture": "#5"}
			}
		},
		{
			"name": "Handle",
			"from": [14.5, 2, 1],
			"to": [15.5, 3, 2],
			"faces": {
				"north": {"uv": [1, 0, 1.999, 1], "texture": "#5"},
				"east": {"uv": [1, 0, 1.999, 1], "texture": "#5"},
				"south": {"uv": [1, 0, 1.999, 1], "texture": "#5"},
				"up": {"uv": [1, 0, 1.999, 1], "texture": "#5"},
				"down": {"uv": [1, 0, 1.999, 1], "texture": "#5"}
			}
		},
		{
			"name": "Handle",
			"from": [8.5, 2, 0],
			"to": [14.5, 3, 1],
			"faces": {
				"north": {"uv": [1, 0, 7.5, 1], "texture": "#4"},
				"east": {"uv": [3, 0.5, 4, 1.5], "texture": "#4"},
				"west": {"uv": [0, 0, 1, 1], "texture": "#4"},
				"up": {"uv": [1, 0, 7.5, 1], "texture": "#4"},
				"down": {"uv": [1, 0, 7.5, 1], "texture": "#4"}
			}
		},
		{
			"name": "Handle",
			"from": [7.5, 2, 1],
			"to": [8.5, 3, 2],
			"faces": {
				"north": {"uv": [1, 0, 1.999, 1], "texture": "#5"},
				"south": {"uv": [1, 0, 1.999, 1], "texture": "#5"},
				"west": {"uv": [1, 0, 1.999, 1], "texture": "#5"},
				"up": {"uv": [1, 0, 1.999, 1], "texture": "#5"},
				"down": {"uv": [1, 0, 1.999, 1], "texture": "#5"}
			}
		},
		{
			"name": "Handle",
			"from": [7.5, 3, 2],
			"to": [8.5, 4, 3],
			"faces": {
				"north": {"uv": [1, 0, 1.999, 1], "texture": "#5"},
				"south": {"uv": [1, 0, 1.999, 1], "texture": "#5"},
				"west": {"uv": [1, 0, 1.999, 1], "texture": "#5"},
				"up": {"uv": [1, 0, 1.999, 1], "texture": "#5"},
				"down": {"uv": [1, 0, 1.999, 1], "texture": "#5"}
			}
		},
		{
			"name": "Handle",
			"from": [7.5, 4, 3],
			"to": [8.5, 5, 4],
			"faces": {
				"north": {"uv": [1, 0, 1.999, 1], "texture": "#5"},
				"south": {"uv": [1, 0, 1.999, 1], "texture": "#5"},
				"west": {"uv": [1, 0, 1.999, 1], "texture": "#5"},
				"up": {"uv": [1, 0, 1.999, 1], "texture": "#5"},
				"down": {"uv": [1, 0, 1.999, 1], "texture": "#5"}
			}
		},
		{
			"name": "plank",
			"from": [1.5, 0, 6.5],
			"to": [3, 0.5, 13.5],
			"faces": {
				"east": {"uv": [0, 0, 7, 0.5], "texture": "#4"},
				"west": {"uv": [0, 7, 15.997, 7.997], "texture": "#4"},
				"down": {"uv": [0, 3, 15.998, 7.997], "rotation": 90, "texture": "#4"}
			}
		},
		{
			"name": "plank",
			"from": [3.5, 0, 6.5],
			"to": [5, 0.5, 13.5],
			"faces": {
				"east": {"uv": [0, 0, 7, 0.5], "texture": "#4"},
				"west": {"uv": [0, 0, 7, 0.5], "texture": "#4"},
				"down": {"uv": [0, 7, 15.998, 11.998], "rotation": 90, "texture": "#4"}
			}
		},
		{
			"name": "plank",
			"from": [5.5, 0, 6.5],
			"to": [7, 0.5, 13.5],
			"faces": {
				"east": {"uv": [0, 3, 15.997, 3.997], "texture": "#4"},
				"west": {"uv": [0, 0, 7, 0.5], "texture": "#4"},
				"down": {"uv": [0, 11, 15.998, 15.997], "rotation": 90, "texture": "#4"}
			}
		},
		{
			"name": "plank",
			"from": [7, 2.5, 6],
			"to": [7.5, 4, 14],
			"faces": {
				"north": {"uv": [8, 7, 10.996, 7.997], "rotation": 90, "texture": "#4"},
				"east": {"uv": [0, 3, 15.998, 7.998], "texture": "#4"},
				"south": {"uv": [12, 7, 14.995, 7.997], "rotation": 90, "texture": "#4"},
				"west": {"uv": [0, 3, 15.998, 7.998], "texture": "#4"},
				"up": {"uv": [0, 3, 15.999, 4], "rotation": 270, "texture": "#4"},
				"down": {"uv": [0, 11, 15.999, 11.999], "rotation": 270, "texture": "#4"}
			}
		},
		{
			"name": "plank",
			"from": [7, 0.5, 6],
			"to": [7.5, 2, 14],
			"faces": {
				"north": {"uv": [9, 11, 11.996, 11.997], "rotation": 90, "texture": "#4"},
				"east": {"uv": [0, 7, 15.998, 11.998], "texture": "#4"},
				"south": {"uv": [9, 7, 11.995, 7.997], "rotation": 90, "texture": "#4"},
				"up": {"uv": [0, 7, 15.999, 8], "rotation": 270, "texture": "#4"},
				"down": {"uv": [0, 15, 15.999, 15.999], "rotation": 270, "texture": "#4"}
			}
		},
		{
			"name": "plank",
			"from": [1, 2.5, 6],
			"to": [1.5, 4, 14],
			"faces": {
				"north": {"uv": [1, 11, 3.996, 11.997], "rotation": 90, "texture": "#4"},
				"east": {"uv": [0, 3, 15.998, 7.998], "texture": "#4"},
				"south": {"uv": [0, 7, 2.996, 7.997], "rotation": 90, "texture": "#4"},
				"west": {"uv": [0, 3, 15.998, 7.998], "texture": "#4"},
				"up": {"uv": [0, 3, 15.999, 4], "rotation": 90, "texture": "#4"},
				"down": {"uv": [0, 11, 15.999, 11.999], "rotation": 270, "texture": "#4"}
			}
		},
		{
			"name": "plank",
			"from": [1, 0.5, 6],
			"to": [1.5, 2, 14],
			"faces": {
				"north": {"uv": [8, 7, 10.996, 7.997], "rotation": 90, "texture": "#4"},
				"south": {"uv": [2, 11, 4.995, 11.997], "rotation": 90, "texture": "#4"},
				"west": {"uv": [0, 7, 15.998, 11.998], "texture": "#4"},
				"up": {"uv": [0, 7, 15.999, 8], "rotation": 90, "texture": "#4"},
				"down": {"uv": [0, 15, 15.999, 15.999], "rotation": 270, "texture": "#4"}
			}
		},
		{
			"name": "plank",
			"from": [1.5, 0, 6],
			"to": [7, 4, 6.5],
			"faces": {
				"north": {"uv": [5, 3, 15.999, 11.998], "texture": "#4"},
				"east": {"uv": [0, 7, 7.998, 7.997], "rotation": 90, "texture": "#4"},
				"south": {"uv": [3, 1, 11, 6.5], "texture": "#4"},
				"west": {"uv": [0, 7, 7.998, 7.997], "rotation": 90, "texture": "#4"},
				"up": {"uv": [5, 3, 15.998, 3.997], "rotation": 180, "texture": "#4"},
				"down": {"uv": [0, 11, 11.998, 11.998], "texture": "#4"}
			}
		},
		{
			"name": "plank",
			"from": [1.5, 0, 13.5],
			"to": [7, 4, 14],
			"faces": {
				"north": {"uv": [3, 1, 11, 6.5], "texture": "#4"},
				"east": {"uv": [0, 7, 7.998, 7.997], "rotation": 90, "texture": "#4"},
				"south": {"uv": [5, 3, 15.999, 11.998], "texture": "#4"},
				"west": {"uv": [0, 7, 7.998, 7.997], "rotation": 90, "texture": "#4"},
				"up": {"uv": [5, 3, 15.998, 3.997], "texture": "#4"},
				"down": {"uv": [4, 7, 15.997, 7.998], "texture": "#4"}
			}
		},
		{
			"name": "filler",
			"from": [1.5, 0.5, 6.5],
			"to": [7, 3.5, 13.5],
			"faces": {
				"east": {"uv": [0, 0, 7, 3], "texture": "#3"},
				"west": {"uv": [0, 0, 7, 3], "texture": "#3"},
				"up": {"uv": [0, 0, 11.999, 16], "texture": "#3"},
				"down": {"uv": [0, 0, 11.999, 16], "texture": "#3"}
			}
		},
		{
			"name": "carrot",
			"from": [7.53806, 5, 3.19134],
			"to": [10.53806, 8, 3.29134],
			"rotation": {"angle": -22.5, "axis": "y", "origin": [8, 8, 8]},
			"faces": {
				"north": {"uv": [0, 0, 16, 16], "texture": "#6"},
				"south": {"uv": [0, 0, 16, 16], "texture": "#6"}
			}
		},
		{
			"name": "carrot",
			"from": [8.92336, 5, 4.6353],
			"to": [9.02336, 8, 7.6353],
			"rotation": {"angle": 22.5, "axis": "y", "origin": [5, 5, 0]},
			"faces": {
				"east": {"uv": [0, 0, 16, 16], "texture": "#6"},
				"west": {"uv": [0, 0, 16, 16], "texture": "#6"}
			}
		},
		{
			"name": "bread",
			"from": [6.64645, 4, 0.35355],
			"to": [6.74645, 7, 3.35355],
			"rotation": {"angle": -45, "axis": "y", "origin": [8, 8, 8]},
			"faces": {
				"east": {"uv": [0, 0, 16, 16], "texture": "#9"},
				"west": {"uv": [0, 0, 16, 16], "texture": "#9"}
			}
		},
		{
			"name": "bread",
			"from": [13.64645, 4.5, 5.14645],
			"to": [13.74645, 7.5, 8.14645],
			"rotation": {"angle": 45, "axis": "y", "origin": [8, 8, 8]},
			"faces": {
				"east": {"uv": [0, 0, 16, 16], "texture": "#9"},
				"west": {"uv": [0, 0, 16, 16], "texture": "#9"}
			}
		},
		{
			"name": "porkchop",
			"from": [13.90276, 4.5, 3.98202],
			"to": [14.00276, 7.5, 6.98202],
			"rotation": {"angle": 22.5, "axis": "y", "origin": [8, 8, 8]},
			"faces": {
				"east": {"uv": [0, 0, 16, 16], "texture": "#8"},
				"west": {"uv": [0, 0, 16, 16], "texture": "#8"}
			}
		},
		{
			"name": "porkchop",
			"from": [12.78806, 4.5, 5.20866],
			"to": [15.78806, 7.5, 5.30866],
			"rotation": {"angle": 22.5, "axis": "y", "origin": [8, 8, 8]},
			"faces": {
				"north": {"uv": [0, 0, 16, 16], "texture": "#8"},
				"south": {"uv": [0, 0, 16, 16], "texture": "#8"}
			}
		},
		{
			"name": "carrot",
			"from": [3.5, 3, 11],
			"to": [3.6, 6, 14],
			"faces": {
				"east": {"uv": [0, 0, 16, 16], "texture": "#6"},
				"west": {"uv": [0, 0, 16, 16], "texture": "#6"}
			}
		},
		{
			"name": "carrot",
			"from": [2, 3, 12.5],
			"to": [5, 6, 12.6],
			"faces": {
				"north": {"uv": [0, 0, 16, 16], "texture": "#6"},
				"south": {"uv": [0, 0, 16, 16], "texture": "#6"}
			}
		},
		{
			"name": "beet",
			"from": [5.2, 3, 10],
			"to": [5.3, 6, 13],
			"faces": {
				"east": {"uv": [0, 0, 16, 16], "texture": "#7"},
				"west": {"uv": [0, 0, 16, 16], "texture": "#7"}
			}
		},
		{
			"name": "beet",
			"from": [3.5, 3, 11.5],
			"to": [6.5, 6, 11.6],
			"faces": {
				"north": {"uv": [0, 0, 16, 16], "texture": "#7"},
				"south": {"uv": [0, 0, 16, 16], "texture": "#7"}
			}
		},
		{
			"name": "bread",
			"from": [1.9, 1, 8],
			"to": [2, 4, 11],
			"rotation": {"angle": -22.5, "axis": "x", "origin": [8, 8, 8]},
			"faces": {
				"east": {"uv": [0, 0, 16, 16], "texture": "#9"},
				"west": {"uv": [0, 0, 16, 16], "rotation": 90, "texture": "#9"}
			}
		},
		{
			"name": "carrot",
			"from": [1.53806, 3, 9.69134],
			"to": [4.53806, 6, 9.79134],
			"rotation": {"angle": -22.5, "axis": "y", "origin": [8, 8, 8]},
			"faces": {
				"north": {"uv": [0, 0, 16, 16], "texture": "#6"},
				"south": {"uv": [0, 0, 16, 16], "texture": "#6"}
			}
		},
		{
			"name": "carrot",
			"from": [3.03806, 3, 8.49134],
			"to": [3.13806, 6, 11.49134],
			"rotation": {"angle": -22.5, "axis": "y", "origin": [8, 8, 8]},
			"faces": {
				"east": {"uv": [0, 0, 16, 16], "texture": "#6"},
				"west": {"uv": [0, 0, 16, 16], "texture": "#6"}
			}
		},
		{
			"name": "carrot",
			"from": [6.2, 2, 7],
			"to": [6.3, 5, 10],
			"rotation": {"angle": -22.5, "axis": "x", "origin": [8, 8, 8]},
			"faces": {
				"east": {"uv": [0, 0, 16, 16], "texture": "#6"},
				"west": {"uv": [0, 0, 16, 16], "texture": "#6"}
			}
		},
		{
			"name": "carrot",
			"from": [4.45, 2, 8.5],
			"to": [7.45, 5, 8.6],
			"rotation": {"angle": -22.5, "axis": "x", "origin": [8, 8, 8]},
			"faces": {
				"north": {"uv": [0, 0, 16, 16], "texture": "#6"},
				"south": {"uv": [0, 0, 16, 16], "texture": "#6"}
			}
		},
		{
			"name": "bread",
			"from": [4, 3.5, 7],
			"to": [7, 3.6, 10],
			"faces": {
				"up": {"uv": [0, 0, 16, 16], "rotation": 180, "texture": "#9"}
			}
		},
		{
			"name": "beet",
			"from": [2.5, 3.7, 9],
			"to": [5.5, 3.8, 12],
			"faces": {
				"up": {"uv": [0, 0, 16, 16], "rotation": 180, "texture": "#7"},
				"down": {"uv": [0, 0, 16, 16], "rotation": 270, "texture": "#7"}
			}
		},
		{
			"name": "chest-lid",
			"from": [8.5, 4.5, 9],
			"to": [15.5, 7, 16],
			"faces": {
				"north": {"uv": [10.5, 3.5, 13.999, 4.75], "rotation": 180, "texture": "#10"},
				"east": {"uv": [7, 3.5, 10.5, 4.75], "texture": "#10"},
				"south": {"uv": [3.5, 3.5, 7, 4.75], "texture": "#10"},
				"west": {"uv": [0, 3.5, 3.5, 4.75], "texture": "#10"},
				"up": {"uv": [7, 0, 10.5, 3.5], "texture": "#10"},
				"down": {"uv": [0, 0, 0, 0], "texture": "#10"}
			}
		},
		{
			"name": "chest-bottom",
			"from": [8.5, 0, 9],
			"to": [15.5, 4.5, 16],
			"faces": {
				"north": {"uv": [10.5, 8.25, 14, 10.5], "rotation": 180, "texture": "#10"},
				"east": {"uv": [7, 8.5, 10.5, 10.75], "texture": "#10"},
				"south": {"uv": [3.5, 8.5, 7, 10.75], "texture": "#10"},
				"west": {"uv": [0, 8.5, 3.5, 10.749], "texture": "#10"},
				"up": {"uv": [0, 0, 0, 0], "texture": "#10"},
				"down": {"uv": [3.5, 4.75, 7, 8.25], "texture": "#10"}
			}
		},
		{
			"name": "chest-latch",
			"from": [11.5, 3.65, 8.5],
			"to": [12.5, 5.55, 9],
			"faces": {
				"north": {"uv": [1, 0.25, 1.5, 1.25], "texture": "#10"},
				"east": {"uv": [0.75, 0.25, 1, 1.25], "texture": "#10"},
				"south": {"uv": [0, 0, 0, 0], "texture": "#10"},
				"west": {"uv": [0, 0.25, 0.25, 1.25], "texture": "#10"},
				"up": {"uv": [0.75, 0, 1.25, 0.25], "texture": "#10"},
				"down": {"uv": [0.75, 0, 1.25, 0.25], "texture": "#10"}
			}
		}
	],
	"groups": [
		{
			"name": "Scoop",
			"origin": [8, 8, 8],
			"children": []
		},
		{
			"name": "Slop",
			"origin": [8, 8, 8],
			"children": []
		},
		{
			"name": "Scoop",
			"origin": [8, 8, 8],
			"children": [0, 1, 2, 3, 4, 5, 6, 7]
		},
		{
			"name": "Slop",
			"origin": [8, 8, 8],
			"children": [8, 9, 10, 11, 12, 13, 14, 15, 16, 17, 18, 19, 20, 21, 22, 23]
		},
		{
			"name": "Crate",
			"origin": [8, 8, 8],
			"children": [24, 25, 26, 27, 28, 29, 30,
				{
					"name": "CrateContents",
					"origin": [8, 8, 8],
					"children": [31, 32, 33, 34, 35, 36, 37, 38, 39, 40, 41, 42, 43, 44, 45, 46, 47]
				}
			]
		},
		{
			"name": "Chest",
			"origin": [8, 8, 8],
			"children": [48, 49, 50]
		}
	]
}