{
	"credit": "Made with Blockbench",
	"parent": "block/block",
	"ambientocclusion": false,
	"textures": {
		"0": "minecolonies:blocks/healer/booktexture",
		"4": "minecolonies:blocks/healer/cloth",
		"5": "minecolonies:blocks/healer/cloth-diamond",
		"6": "minecolonies:blocks/healer/potionwater_still",
		"7": "block/glass",
		"8": "minecolonies:blocks/healer/potion_top",
		"planks": "block/oak_planks",
		"particle": "block/bookshelf",
		"books": "block/bookshelf"
	},
	"elements": [
		{
			"name": "potion",
			"from": [3, 12.8, 12],
			"to": [4, 13.4, 13],
			"rotation": {"angle": 0, "axis": "y", "origin": [8, 7.5, 8]},
			"faces": {
				"north": {"uv": [0, 0, 16, 16], "texture": "#6"},
				"east": {"uv": [0, 0, 16, 16], "texture": "#6"},
				"south": {"uv": [0, 0, 16, 16], "texture": "#6"},
				"west": {"uv": [0, 0, 16, 16], "texture": "#6"},
				"up": {"uv": [0, 0, 16, 16], "texture": "#6"},
				"down": {"uv": [0, 0, 16, 16], "texture": "#6"}
			}
		},
		{
			"name": "potion",
			"from": [2, 12.8, 6],
			"to": [3, 13.4, 7],
			"rotation": {"angle": 0, "axis": "y", "origin": [8, 7.5, 8]},
			"faces": {
				"north": {"uv": [0, 0, 16, 16], "texture": "#6"},
				"east": {"uv": [0, 0, 16, 16], "texture": "#6"},
				"south": {"uv": [0, 0, 16, 16], "texture": "#6"},
				"west": {"uv": [0, 0, 16, 16], "texture": "#6"},
				"up": {"uv": [0, 0, 16, 16], "texture": "#6"},
				"down": {"uv": [0, 0, 16, 16], "texture": "#6"}
			}
		},
		{
			"name": "potion",
			"from": [2, 12.8, 9],
			"to": [3, 13.4, 10],
			"rotation": {"angle": 0, "axis": "y", "origin": [8, 7.5, 8]},
			"faces": {
				"north": {"uv": [0, 0, 16, 16], "texture": "#6"},
				"east": {"uv": [0, 0, 16, 16], "texture": "#6"},
				"south": {"uv": [0, 0, 16, 16], "texture": "#6"},
				"west": {"uv": [0, 0, 16, 16], "texture": "#6"},
				"up": {"uv": [0, 0, 16, 16], "texture": "#6"},
				"down": {"uv": [0, 0, 16, 16], "texture": "#6"}
			}
		},
		{
			"name": "potion",
			"from": [13, 12.8, 8],
			"to": [14, 13.4, 9],
			"rotation": {"angle": 0, "axis": "y", "origin": [8, 7.5, 8]},
			"faces": {
				"north": {"uv": [0, 0, 16, 16], "texture": "#6"},
				"east": {"uv": [0, 0, 16, 16], "texture": "#6"},
				"south": {"uv": [0, 0, 16, 16], "texture": "#6"},
				"west": {"uv": [0, 0, 16, 16], "texture": "#6"},
				"up": {"uv": [0, 0, 16, 16], "texture": "#6"},
				"down": {"uv": [0, 0, 16, 16], "texture": "#6"}
			}
		},
		{
			"name": "potion",
			"from": [12, 12.8, 13],
			"to": [13, 13.4, 14],
			"rotation": {"angle": 0, "axis": "y", "origin": [8, 7.5, 8]},
			"faces": {
				"north": {"uv": [0, 0, 16, 16], "texture": "#6"},
				"east": {"uv": [0, 0, 16, 16], "texture": "#6"},
				"south": {"uv": [0, 0, 16, 16], "texture": "#6"},
				"west": {"uv": [0, 0, 16, 16], "texture": "#6"},
				"up": {"uv": [0, 0, 16, 16], "texture": "#6"},
				"down": {"uv": [0, 0, 16, 16], "texture": "#6"}
			}
		},
		{
			"name": "potion",
			"from": [6, 12.8, 13],
			"to": [7, 13.4, 14],
			"rotation": {"angle": 0, "axis": "y", "origin": [8, 7.5, 8]},
			"faces": {
				"north": {"uv": [0, 0, 16, 16], "texture": "#6"},
				"east": {"uv": [0, 0, 16, 16], "texture": "#6"},
				"south": {"uv": [0, 0, 16, 16], "texture": "#6"},
				"west": {"uv": [0, 0, 16, 16], "texture": "#6"},
				"up": {"uv": [0, 0, 16, 16], "texture": "#6"},
				"down": {"uv": [0, 0, 16, 16], "texture": "#6"}
			}
		},
		{
			"name": "potion",
			"from": [13, 12.8, 11],
			"to": [14, 13.4, 12],
			"rotation": {"angle": 0, "axis": "y", "origin": [8, 7.5, 8]},
			"faces": {
				"north": {"uv": [0, 0, 16, 16], "texture": "#6"},
				"east": {"uv": [0, 0, 16, 16], "texture": "#6"},
				"south": {"uv": [0, 0, 16, 16], "texture": "#6"},
				"west": {"uv": [0, 0, 16, 16], "texture": "#6"},
				"up": {"uv": [0, 0, 16, 16], "texture": "#6"},
				"down": {"uv": [0, 0, 16, 16], "texture": "#6"}
			}
		},
		{
			"name": "potion",
			"from": [9, 12.8, 13],
			"to": [10, 13.4, 14],
			"rotation": {"angle": 0, "axis": "y", "origin": [8, 7.5, 8]},
			"faces": {
				"north": {"uv": [0, 0, 16, 16], "texture": "#6"},
				"east": {"uv": [0, 0, 16, 16], "texture": "#6"},
				"south": {"uv": [0, 0, 16, 16], "texture": "#6"},
				"west": {"uv": [0, 0, 16, 16], "texture": "#6"},
				"up": {"uv": [0, 0, 16, 16], "texture": "#6"},
				"down": {"uv": [0, 0, 16, 16], "texture": "#6"}
			}
		},
		{
			"name": "potion1",
			"from": [3, 12.5, 12],
			"to": [4, 12.8, 13],
			"rotation": {"angle": 0, "axis": "y", "origin": [8, 7.5, 8]},
			"faces": {
				"north": {"uv": [0, 11, 16, 15.998], "texture": "#7"},
				"east": {"uv": [0, 11, 16, 15.998], "texture": "#7"},
				"south": {"uv": [0, 11, 16, 15.998], "texture": "#7"},
				"west": {"uv": [0, 11, 16, 15.998], "texture": "#7"},
				"up": {"uv": [0, 0, 16, 16], "texture": "#7"},
				"down": {"uv": [0, 0, 16, 16], "texture": "#7"}
			}
		},
		{
			"name": "pot2",
			"from": [3, 12.8, 11.7],
			"to": [4, 13.8, 12],
			"rotation": {"angle": 0, "axis": "y", "origin": [8, 7.5, 8]},
			"faces": {
				"north": {"uv": [1, 0, 15, 16], "rotation": 180, "texture": "#7"},
				"up": {"uv": [1, 0, 14.999, 2.998], "texture": "#7"},
				"down": {"uv": [0, 0, 16, 16], "rotation": 180, "texture": "#7"}
			}
		},
		{
			"name": "pot3",
			"from": [3, 12.8, 13],
			"to": [4, 13.8, 13.3],
			"rotation": {"angle": 0, "axis": "y", "origin": [8, 7.5, 8]},
			"faces": {
				"south": {"uv": [1, 0, 15, 16], "rotation": 180, "texture": "#7"},
				"up": {"uv": [1, 13, 14.999, 15.998], "texture": "#7"},
				"down": {"uv": [0, 0, 16, 16], "rotation": 180, "texture": "#7"}
			}
		},
		{
			"name": "pot4",
			"from": [4, 12.8, 11.7],
			"to": [4.3, 13.8, 13.3],
			"rotation": {"angle": 0, "axis": "y", "origin": [8, 7.5, 8]},
			"faces": {
				"north": {"uv": [0, 0, 16, 6], "rotation": 270, "texture": "#7"},
				"east": {"uv": [0, 0, 16, 16], "rotation": 180, "texture": "#7"},
				"south": {"uv": [0, 12, 15, 16], "rotation": 270, "texture": "#7"},
				"up": {"uv": [0, 0, 16, 4.998], "rotation": 90, "texture": "#7"},
				"down": {"uv": [0, 0, 16, 16], "rotation": 90, "texture": "#7"}
			}
		},
		{
			"name": "pot5",
			"from": [2.7, 12.8, 11.7],
			"to": [3, 13.8, 13.3],
			"rotation": {"angle": 0, "axis": "y", "origin": [8, 7.5, 8]},
			"faces": {
				"north": {"uv": [0, 12, 16, 16], "rotation": 270, "texture": "#7"},
				"south": {"uv": [0, 0, 16, 6], "rotation": 270, "texture": "#7"},
				"west": {"uv": [0, 0, 16, 16], "texture": "#7"},
				"up": {"uv": [0, 11, 16, 15.998], "rotation": 90, "texture": "#7"},
				"down": {"uv": [0, 0, 16, 16], "rotation": 90, "texture": "#7"}
			}
		},
		{
			"name": "pot6",
			"from": [3, 13.8, 12],
			"to": [4, 14.1, 13],
			"rotation": {"angle": 0, "axis": "y", "origin": [8, 7.5, 8]},
			"faces": {
				"north": {"uv": [0, 0, 16, 4.998], "texture": "#7"},
				"east": {"uv": [0, 0, 16, 4.998], "texture": "#7"},
				"south": {"uv": [0, 0, 16, 4.998], "texture": "#7"},
				"west": {"uv": [0, 0, 16, 4.998], "texture": "#7"},
				"up": {"uv": [0, 0, 16, 16], "texture": "#7"},
				"down": {"uv": [0, 0, 16, 16], "texture": "#7"}
			}
		},
		{
			"name": "pot7",
			"from": [3.15, 14.1, 12.1],
			"to": [3.85, 14.4, 12.8],
			"rotation": {"angle": 0, "axis": "y", "origin": [8, 7.5, 8]},
			"faces": {
				"north": {"uv": [0, 0, 16, 4.998], "texture": "#7"},
				"east": {"uv": [0, 0, 16, 4.998], "texture": "#7"},
				"south": {"uv": [0, 0, 16, 4.998], "texture": "#7"},
				"west": {"uv": [0, 0, 16, 4.998], "texture": "#7"},
				"up": {"uv": [0, 0, 16, 16], "texture": "#7"}
			}
		},
		{
			"name": "pot8",
			"from": [3.3, 14.4, 12.25],
			"to": [3.7, 14.7, 12.65],
			"rotation": {"angle": 0, "axis": "y", "origin": [8, 7.5, 8]},
			"faces": {
				"north": {"uv": [0, 0, 16, 16], "texture": "#7"},
				"east": {"uv": [0, 0, 16, 16], "texture": "#7"},
				"south": {"uv": [0, 0, 16, 16], "texture": "#7"},
				"west": {"uv": [0, 0, 16, 16], "texture": "#7"}
			}
		},
		{
			"name": "pot9",
			"from": [3.15, 14.7, 12.1],
			"to": [3.85, 15, 12.8],
			"rotation": {"angle": 0, "axis": "y", "origin": [8, 7.5, 8]},
			"faces": {
				"north": {"uv": [0, 0, 16, 16], "texture": "#7"},
				"east": {"uv": [0, 0, 16, 16], "texture": "#7"},
				"south": {"uv": [0, 0, 16, 16], "texture": "#7"},
				"west": {"uv": [0, 0, 16, 16], "texture": "#7"},
				"up": {"uv": [0, 0, 16, 16], "texture": "#8"},
				"down": {"uv": [0, 0, 16, 16], "texture": "#7"}
			}
		},
		{
			"name": "potion1",
			"from": [2, 12.5, 6],
			"to": [3, 12.8, 7],
			"rotation": {"angle": 0, "axis": "y", "origin": [8, 7.5, 8]},
			"faces": {
				"north": {"uv": [0, 11, 16, 15.998], "texture": "#7"},
				"east": {"uv": [0, 11, 16, 15.998], "texture": "#7"},
				"south": {"uv": [0, 11, 16, 15.998], "texture": "#7"},
				"west": {"uv": [0, 11, 16, 15.998], "texture": "#7"},
				"up": {"uv": [0, 0, 16, 16], "texture": "#7"},
				"down": {"uv": [0, 0, 16, 16], "texture": "#7"}
			}
		},
		{
			"name": "pot2",
			"from": [2, 12.8, 5.7],
			"to": [3, 13.8, 6],
			"rotation": {"angle": 0, "axis": "y", "origin": [8, 7.5, 8]},
			"faces": {
				"north": {"uv": [1, 0, 15, 16], "rotation": 180, "texture": "#7"},
				"up": {"uv": [1, 0, 14.999, 2.998], "texture": "#7"},
				"down": {"uv": [0, 0, 16, 16], "rotation": 180, "texture": "#7"}
			}
		},
		{
			"name": "pot3",
			"from": [2, 12.8, 7],
			"to": [3, 13.8, 7.3],
			"rotation": {"angle": 0, "axis": "y", "origin": [8, 7.5, 8]},
			"faces": {
				"south": {"uv": [1, 0, 15, 16], "rotation": 180, "texture": "#7"},
				"up": {"uv": [1, 13, 14.999, 15.998], "texture": "#7"},
				"down": {"uv": [0, 0, 16, 16], "rotation": 180, "texture": "#7"}
			}
		},
		{
			"name": "pot4",
			"from": [3, 12.8, 5.7],
			"to": [3.3, 13.8, 7.3],
			"rotation": {"angle": 0, "axis": "y", "origin": [8, 7.5, 8]},
			"faces": {
				"north": {"uv": [0, 0, 16, 6], "rotation": 270, "texture": "#7"},
				"east": {"uv": [0, 0, 16, 16], "rotation": 180, "texture": "#7"},
				"south": {"uv": [0, 12, 15, 16], "rotation": 270, "texture": "#7"},
				"up": {"uv": [0, 0, 16, 4.998], "rotation": 90, "texture": "#7"},
				"down": {"uv": [0, 0, 16, 16], "rotation": 90, "texture": "#7"}
			}
		},
		{
			"name": "pot5",
			"from": [1.7, 12.8, 5.7],
			"to": [2, 13.8, 7.3],
			"rotation": {"angle": 0, "axis": "y", "origin": [8, 7.5, 8]},
			"faces": {
				"north": {"uv": [0, 12, 16, 16], "rotation": 270, "texture": "#7"},
				"south": {"uv": [0, 0, 16, 6], "rotation": 270, "texture": "#7"},
				"west": {"uv": [0, 0, 16, 16], "texture": "#7"},
				"up": {"uv": [0, 11, 16, 15.998], "rotation": 90, "texture": "#7"},
				"down": {"uv": [0, 0, 16, 16], "rotation": 90, "texture": "#7"}
			}
		},
		{
			"name": "pot6",
			"from": [2, 13.8, 6],
			"to": [3, 14.1, 7],
			"rotation": {"angle": 0, "axis": "y", "origin": [8, 7.5, 8]},
			"faces": {
				"north": {"uv": [0, 0, 16, 4.998], "texture": "#7"},
				"east": {"uv": [0, 0, 16, 4.998], "texture": "#7"},
				"south": {"uv": [0, 0, 16, 4.998], "texture": "#7"},
				"west": {"uv": [0, 0, 16, 4.998], "texture": "#7"},
				"up": {"uv": [0, 0, 16, 16], "texture": "#7"},
				"down": {"uv": [0, 0, 16, 16], "texture": "#7"}
			}
		},
		{
			"name": "pot7",
			"from": [2.15, 14.1, 6.1],
			"to": [2.85, 14.4, 6.8],
			"rotation": {"angle": 0, "axis": "y", "origin": [8, 7.5, 8]},
			"faces": {
				"north": {"uv": [0, 0, 16, 4.998], "texture": "#7"},
				"east": {"uv": [0, 0, 16, 4.998], "texture": "#7"},
				"south": {"uv": [0, 0, 16, 4.998], "texture": "#7"},
				"west": {"uv": [0, 0, 16, 4.998], "texture": "#7"},
				"up": {"uv": [0, 0, 16, 16], "texture": "#7"}
			}
		},
		{
			"name": "pot8",
			"from": [2.3, 14.4, 6.25],
			"to": [2.7, 14.7, 6.65],
			"rotation": {"angle": 0, "axis": "y", "origin": [8, 7.5, 8]},
			"faces": {
				"north": {"uv": [0, 0, 16, 16], "texture": "#7"},
				"east": {"uv": [0, 0, 16, 16], "texture": "#7"},
				"south": {"uv": [0, 0, 16, 16], "texture": "#7"},
				"west": {"uv": [0, 0, 16, 16], "texture": "#7"}
			}
		},
		{
			"name": "pot9",
			"from": [2.15, 14.7, 6.1],
			"to": [2.85, 15, 6.8],
			"rotation": {"angle": 0, "axis": "y", "origin": [8, 7.5, 8]},
			"faces": {
				"north": {"uv": [0, 0, 16, 16], "texture": "#7"},
				"east": {"uv": [0, 0, 16, 16], "texture": "#7"},
				"south": {"uv": [0, 0, 16, 16], "texture": "#7"},
				"west": {"uv": [0, 0, 16, 16], "texture": "#7"},
				"up": {"uv": [0, 0, 16, 16], "texture": "#8"},
				"down": {"uv": [0, 0, 16, 16], "texture": "#7"}
			}
		},
		{
			"name": "potion1",
			"from": [2, 12.5, 9],
			"to": [3, 12.8, 10],
			"rotation": {"angle": 0, "axis": "y", "origin": [8, 7.5, 8]},
			"faces": {
				"north": {"uv": [0, 11, 16, 15.998], "texture": "#7"},
				"east": {"uv": [0, 11, 16, 15.998], "texture": "#7"},
				"south": {"uv": [0, 11, 16, 15.998], "texture": "#7"},
				"west": {"uv": [0, 11, 16, 15.998], "texture": "#7"},
				"up": {"uv": [0, 0, 16, 16], "texture": "#7"},
				"down": {"uv": [0, 0, 16, 16], "texture": "#7"}
			}
		},
		{
			"name": "pot2",
			"from": [2, 12.8, 8.7],
			"to": [3, 13.8, 9],
			"rotation": {"angle": 0, "axis": "y", "origin": [8, 7.5, 8]},
			"faces": {
				"north": {"uv": [1, 0, 15, 16], "rotation": 180, "texture": "#7"},
				"up": {"uv": [1, 0, 14.999, 2.998], "texture": "#7"},
				"down": {"uv": [0, 0, 16, 16], "rotation": 180, "texture": "#7"}
			}
		},
		{
			"name": "pot3",
			"from": [2, 12.8, 10],
			"to": [3, 13.8, 10.3],
			"rotation": {"angle": 0, "axis": "y", "origin": [8, 7.5, 8]},
			"faces": {
				"south": {"uv": [1, 0, 15, 16], "rotation": 180, "texture": "#7"},
				"up": {"uv": [1, 13, 14.999, 15.998], "texture": "#7"},
				"down": {"uv": [0, 0, 16, 16], "rotation": 180, "texture": "#7"}
			}
		},
		{
			"name": "pot4",
			"from": [3, 12.8, 8.7],
			"to": [3.3, 13.8, 10.3],
			"rotation": {"angle": 0, "axis": "y", "origin": [8, 7.5, 8]},
			"faces": {
				"north": {"uv": [0, 0, 16, 6], "rotation": 270, "texture": "#7"},
				"east": {"uv": [0, 0, 16, 16], "rotation": 180, "texture": "#7"},
				"south": {"uv": [0, 12, 15, 16], "rotation": 270, "texture": "#7"},
				"up": {"uv": [0, 0, 16, 4.998], "rotation": 90, "texture": "#7"},
				"down": {"uv": [0, 0, 16, 16], "rotation": 90, "texture": "#7"}
			}
		},
		{
			"name": "pot5",
			"from": [1.7, 12.8, 8.7],
			"to": [2, 13.8, 10.3],
			"rotation": {"angle": 0, "axis": "y", "origin": [8, 7.5, 8]},
			"faces": {
				"north": {"uv": [0, 12, 16, 16], "rotation": 270, "texture": "#7"},
				"south": {"uv": [0, 0, 16, 6], "rotation": 270, "texture": "#7"},
				"west": {"uv": [0, 0, 16, 16], "texture": "#7"},
				"up": {"uv": [0, 11, 16, 15.998], "rotation": 90, "texture": "#7"},
				"down": {"uv": [0, 0, 16, 16], "rotation": 90, "texture": "#7"}
			}
		},
		{
			"name": "pot6",
			"from": [2, 13.8, 9],
			"to": [3, 14.1, 10],
			"rotation": {"angle": 0, "axis": "y", "origin": [8, 7.5, 8]},
			"faces": {
				"north": {"uv": [0, 0, 16, 4.998], "texture": "#7"},
				"east": {"uv": [0, 0, 16, 4.998], "texture": "#7"},
				"south": {"uv": [0, 0, 16, 4.998], "texture": "#7"},
				"west": {"uv": [0, 0, 16, 4.998], "texture": "#7"},
				"up": {"uv": [0, 0, 16, 16], "texture": "#7"},
				"down": {"uv": [0, 0, 16, 16], "texture": "#7"}
			}
		},
		{
			"name": "pot7",
			"from": [2.15, 14.1, 9.1],
			"to": [2.85, 14.4, 9.8],
			"rotation": {"angle": 0, "axis": "y", "origin": [8, 7.5, 8]},
			"faces": {
				"north": {"uv": [0, 0, 16, 4.998], "texture": "#7"},
				"east": {"uv": [0, 0, 16, 4.998], "texture": "#7"},
				"south": {"uv": [0, 0, 16, 4.998], "texture": "#7"},
				"west": {"uv": [0, 0, 16, 4.998], "texture": "#7"},
				"up": {"uv": [0, 0, 16, 16], "texture": "#7"}
			}
		},
		{
			"name": "pot8",
			"from": [2.3, 14.4, 9.25],
			"to": [2.7, 14.7, 9.65],
			"rotation": {"angle": 0, "axis": "y", "origin": [8, 7.5, 8]},
			"faces": {
				"north": {"uv": [0, 0, 16, 16], "texture": "#7"},
				"east": {"uv": [0, 0, 16, 16], "texture": "#7"},
				"south": {"uv": [0, 0, 16, 16], "texture": "#7"},
				"west": {"uv": [0, 0, 16, 16], "texture": "#7"}
			}
		},
		{
			"name": "pot9",
			"from": [2.15, 14.7, 9.1],
			"to": [2.85, 15, 9.8],
			"rotation": {"angle": 0, "axis": "y", "origin": [8, 7.5, 8]},
			"faces": {
				"north": {"uv": [0, 0, 16, 16], "texture": "#7"},
				"east": {"uv": [0, 0, 16, 16], "texture": "#7"},
				"south": {"uv": [0, 0, 16, 16], "texture": "#7"},
				"west": {"uv": [0, 0, 16, 16], "texture": "#7"},
				"up": {"uv": [0, 0, 16, 16], "texture": "#8"},
				"down": {"uv": [0, 0, 16, 16], "texture": "#7"}
			}
		},
		{
			"name": "potion5",
			"from": [13, 12.5, 8],
			"to": [14, 12.8, 9],
			"rotation": {"angle": 0, "axis": "y", "origin": [8, 7.5, 8]},
			"faces": {
				"north": {"uv": [0, 11, 16, 15.998], "texture": "#7"},
				"east": {"uv": [0, 11, 16, 15.998], "texture": "#7"},
				"south": {"uv": [0, 11, 16, 15.998], "texture": "#7"},
				"west": {"uv": [0, 11, 16, 15.998], "texture": "#7"},
				"up": {"uv": [0, 0, 16, 16], "texture": "#7"},
				"down": {"uv": [0, 0, 16, 16], "texture": "#7"}
			}
		},
		{
			"name": "pot13",
			"from": [13.15, 14.7, 8.1],
			"to": [13.85, 15, 8.8],
			"rotation": {"angle": 0, "axis": "y", "origin": [8, 7.5, 8]},
			"faces": {
				"north": {"uv": [0, 0, 16, 16], "texture": "#7"},
				"east": {"uv": [0, 0, 16, 16], "texture": "#7"},
				"south": {"uv": [0, 0, 16, 16], "texture": "#7"},
				"west": {"uv": [0, 0, 16, 16], "texture": "#7"},
				"up": {"uv": [0, 0, 16, 16], "texture": "#8"},
				"down": {"uv": [0, 0, 16, 16], "texture": "#7"}
			}
		},
		{
			"name": "pot12",
			"from": [13.3, 14.4, 8.25],
			"to": [13.7, 14.7, 8.65],
			"rotation": {"angle": 0, "axis": "y", "origin": [8, 7.5, 8]},
			"faces": {
				"north": {"uv": [0, 0, 16, 16], "texture": "#7"},
				"east": {"uv": [0, 0, 16, 16], "texture": "#7"},
				"south": {"uv": [0, 0, 16, 16], "texture": "#7"},
				"west": {"uv": [0, 0, 16, 16], "texture": "#7"}
			}
		},
		{
			"name": "pot11",
			"from": [13.15, 14.1, 8.1],
			"to": [13.85, 14.4, 8.8],
			"rotation": {"angle": 0, "axis": "y", "origin": [8, 7.5, 8]},
			"faces": {
				"north": {"uv": [0, 0, 16, 4.998], "texture": "#7"},
				"east": {"uv": [0, 0, 16, 4.998], "texture": "#7"},
				"south": {"uv": [0, 0, 16, 4.998], "texture": "#7"},
				"west": {"uv": [0, 0, 16, 4.998], "texture": "#7"},
				"up": {"uv": [0, 0, 16, 16], "texture": "#7"}
			}
		},
		{
			"name": "pot10",
			"from": [13, 13.8, 8],
			"to": [14, 14.1, 9],
			"rotation": {"angle": 0, "axis": "y", "origin": [8, 7.5, 8]},
			"faces": {
				"north": {"uv": [0, 0, 16, 4.998], "texture": "#7"},
				"east": {"uv": [0, 0, 16, 4.998], "texture": "#7"},
				"south": {"uv": [0, 0, 16, 4.998], "texture": "#7"},
				"west": {"uv": [0, 0, 16, 4.998], "texture": "#7"},
				"up": {"uv": [0, 0, 16, 16], "texture": "#7"},
				"down": {"uv": [0, 0, 16, 16], "texture": "#7"}
			}
		},
		{
			"name": "pot9",
			"from": [12.7, 12.8, 7.7],
			"to": [13, 13.8, 9.3],
			"rotation": {"angle": 0, "axis": "y", "origin": [8, 7.5, 8]},
			"faces": {
				"north": {"uv": [0, 12, 16, 16], "rotation": 270, "texture": "#7"},
				"south": {"uv": [0, 0, 16, 6], "rotation": 270, "texture": "#7"},
				"west": {"uv": [0, 0, 16, 16], "texture": "#7"},
				"up": {"uv": [0, 11, 16, 15.998], "rotation": 90, "texture": "#7"},
				"down": {"uv": [0, 0, 16, 16], "rotation": 90, "texture": "#7"}
			}
		},
		{
			"name": "pot8",
			"from": [14, 12.8, 7.7],
			"to": [14.3, 13.8, 9.3],
			"rotation": {"angle": 0, "axis": "y", "origin": [8, 7.5, 8]},
			"faces": {
				"north": {"uv": [0, 0, 16, 6], "rotation": 270, "texture": "#7"},
				"east": {"uv": [0, 0, 16, 16], "rotation": 180, "texture": "#7"},
				"south": {"uv": [0, 12, 15, 16], "rotation": 270, "texture": "#7"},
				"up": {"uv": [0, 0, 16, 4.998], "rotation": 90, "texture": "#7"},
				"down": {"uv": [0, 0, 16, 16], "rotation": 90, "texture": "#7"}
			}
		},
		{
			"name": "pot7",
			"from": [13, 12.8, 9],
			"to": [14, 13.8, 9.3],
			"rotation": {"angle": 0, "axis": "y", "origin": [8, 7.5, 8]},
			"faces": {
				"south": {"uv": [1, 0, 15, 16], "rotation": 180, "texture": "#7"},
				"up": {"uv": [1, 13, 14.999, 15.998], "texture": "#7"},
				"down": {"uv": [0, 0, 16, 16], "rotation": 180, "texture": "#7"}
			}
		},
		{
			"name": "pot6",
			"from": [13, 12.8, 7.7],
			"to": [14, 13.8, 8],
			"rotation": {"angle": 0, "axis": "y", "origin": [8, 7.5, 8]},
			"faces": {
				"north": {"uv": [1, 0, 15, 16], "rotation": 180, "texture": "#7"},
				"up": {"uv": [1, 0, 14.999, 2.998], "texture": "#7"},
				"down": {"uv": [0, 0, 16, 16], "rotation": 180, "texture": "#7"}
			}
		},
		{
			"name": "potion6",
			"from": [12, 12.5, 13],
			"to": [13, 12.8, 14],
			"rotation": {"angle": 0, "axis": "y", "origin": [8, 7.5, 8]},
			"faces": {
				"north": {"uv": [0, 11, 16, 15.998], "texture": "#7"},
				"east": {"uv": [0, 11, 16, 15.998], "texture": "#7"},
				"south": {"uv": [0, 11, 16, 15.998], "texture": "#7"},
				"west": {"uv": [0, 11, 16, 15.998], "texture": "#7"},
				"up": {"uv": [0, 0, 16, 16], "texture": "#7"},
				"down": {"uv": [0, 0, 16, 16], "texture": "#7"}
			}
		},
		{
			"name": "pot14",
			"from": [12.15, 14.7, 13.1],
			"to": [12.85, 15, 13.8],
			"rotation": {"angle": 0, "axis": "y", "origin": [8, 7.5, 8]},
			"faces": {
				"north": {"uv": [0, 0, 16, 16], "texture": "#7"},
				"east": {"uv": [0, 0, 16, 16], "texture": "#7"},
				"south": {"uv": [0, 0, 16, 16], "texture": "#7"},
				"west": {"uv": [0, 0, 16, 16], "texture": "#7"},
				"up": {"uv": [0, 0, 16, 16], "texture": "#8"},
				"down": {"uv": [0, 0, 16, 16], "texture": "#7"}
			}
		},
		{
			"name": "pot13",
			"from": [12.3, 14.4, 13.25],
			"to": [12.7, 14.7, 13.65],
			"rotation": {"angle": 0, "axis": "y", "origin": [8, 7.5, 8]},
			"faces": {
				"north": {"uv": [0, 0, 16, 16], "texture": "#7"},
				"east": {"uv": [0, 0, 16, 16], "texture": "#7"},
				"south": {"uv": [0, 0, 16, 16], "texture": "#7"},
				"west": {"uv": [0, 0, 16, 16], "texture": "#7"}
			}
		},
		{
			"name": "pot12",
			"from": [12.15, 14.1, 13.1],
			"to": [12.85, 14.4, 13.8],
			"rotation": {"angle": 0, "axis": "y", "origin": [8, 7.5, 8]},
			"faces": {
				"north": {"uv": [0, 0, 16, 4.998], "texture": "#7"},
				"east": {"uv": [0, 0, 16, 4.998], "texture": "#7"},
				"south": {"uv": [0, 0, 16, 4.998], "texture": "#7"},
				"west": {"uv": [0, 0, 16, 4.998], "texture": "#7"},
				"up": {"uv": [0, 0, 16, 16], "texture": "#7"}
			}
		},
		{
			"name": "pot11",
			"from": [12, 13.8, 13],
			"to": [13, 14.1, 14],
			"rotation": {"angle": 0, "axis": "y", "origin": [8, 7.5, 8]},
			"faces": {
				"north": {"uv": [0, 0, 16, 4.998], "texture": "#7"},
				"east": {"uv": [0, 0, 16, 4.998], "texture": "#7"},
				"south": {"uv": [0, 0, 16, 4.998], "texture": "#7"},
				"west": {"uv": [0, 0, 16, 4.998], "texture": "#7"},
				"up": {"uv": [0, 0, 16, 16], "texture": "#7"},
				"down": {"uv": [0, 0, 16, 16], "texture": "#7"}
			}
		},
		{
			"name": "pot10",
			"from": [11.7, 12.8, 12.7],
			"to": [12, 13.8, 14.3],
			"rotation": {"angle": 0, "axis": "y", "origin": [8, 7.5, 8]},
			"faces": {
				"north": {"uv": [0, 12, 16, 16], "rotation": 270, "texture": "#7"},
				"south": {"uv": [0, 0, 16, 6], "rotation": 270, "texture": "#7"},
				"west": {"uv": [0, 0, 16, 16], "texture": "#7"},
				"up": {"uv": [0, 11, 16, 15.998], "rotation": 90, "texture": "#7"},
				"down": {"uv": [0, 0, 16, 16], "rotation": 90, "texture": "#7"}
			}
		},
		{
			"name": "pot9",
			"from": [13, 12.8, 12.7],
			"to": [13.3, 13.8, 14.3],
			"rotation": {"angle": 0, "axis": "y", "origin": [8, 7.5, 8]},
			"faces": {
				"north": {"uv": [0, 0, 16, 6], "rotation": 270, "texture": "#7"},
				"east": {"uv": [0, 0, 16, 16], "rotation": 180, "texture": "#7"},
				"south": {"uv": [0, 12, 15, 16], "rotation": 270, "texture": "#7"},
				"up": {"uv": [0, 0, 16, 4.998], "rotation": 90, "texture": "#7"},
				"down": {"uv": [0, 0, 16, 16], "rotation": 90, "texture": "#7"}
			}
		},
		{
			"name": "pot8",
			"from": [12, 12.8, 14],
			"to": [13, 13.8, 14.3],
			"rotation": {"angle": 0, "axis": "y", "origin": [8, 7.5, 8]},
			"faces": {
				"south": {"uv": [1, 0, 15, 16], "rotation": 180, "texture": "#7"},
				"up": {"uv": [1, 13, 14.999, 15.998], "texture": "#7"},
				"down": {"uv": [0, 0, 16, 16], "rotation": 180, "texture": "#7"}
			}
		},
		{
			"name": "pot7",
			"from": [12, 12.8, 12.7],
			"to": [13, 13.8, 13],
			"rotation": {"angle": 0, "axis": "y", "origin": [8, 7.5, 8]},
			"faces": {
				"north": {"uv": [1, 0, 15, 16], "rotation": 180, "texture": "#7"},
				"up": {"uv": [1, 0, 14.999, 2.998], "texture": "#7"},
				"down": {"uv": [0, 0, 16, 16], "rotation": 180, "texture": "#7"}
			}
		},
		{
			"name": "pot10",
			"from": [6.15, 14.7, 13.1],
			"to": [6.85, 15, 13.8],
			"rotation": {"angle": 0, "axis": "y", "origin": [8, 7.5, 8]},
			"faces": {
				"north": {"uv": [0, 0, 16, 16], "texture": "#7"},
				"east": {"uv": [0, 0, 16, 16], "texture": "#7"},
				"south": {"uv": [0, 0, 16, 16], "texture": "#7"},
				"west": {"uv": [0, 0, 16, 16], "texture": "#7"},
				"up": {"uv": [0, 0, 16, 16], "texture": "#8"},
				"down": {"uv": [0, 0, 16, 16], "texture": "#7"}
			}
		},
		{
			"name": "pot9",
			"from": [6.3, 14.4, 13.25],
			"to": [6.7, 14.7, 13.65],
			"rotation": {"angle": 0, "axis": "y", "origin": [8, 7.5, 8]},
			"faces": {
				"north": {"uv": [0, 0, 16, 16], "texture": "#7"},
				"east": {"uv": [0, 0, 16, 16], "texture": "#7"},
				"south": {"uv": [0, 0, 16, 16], "texture": "#7"},
				"west": {"uv": [0, 0, 16, 16], "texture": "#7"}
			}
		},
		{
			"name": "pot8",
			"from": [6.15, 14.1, 13.1],
			"to": [6.85, 14.4, 13.8],
			"rotation": {"angle": 0, "axis": "y", "origin": [8, 7.5, 8]},
			"faces": {
				"north": {"uv": [0, 0, 16, 4.998], "texture": "#7"},
				"east": {"uv": [0, 0, 16, 4.998], "texture": "#7"},
				"south": {"uv": [0, 0, 16, 4.998], "texture": "#7"},
				"west": {"uv": [0, 0, 16, 4.998], "texture": "#7"},
				"up": {"uv": [0, 0, 16, 16], "texture": "#7"}
			}
		},
		{
			"name": "pot7",
			"from": [6, 13.8, 13],
			"to": [7, 14.1, 14],
			"rotation": {"angle": 0, "axis": "y", "origin": [8, 7.5, 8]},
			"faces": {
				"north": {"uv": [0, 0, 16, 4.998], "texture": "#7"},
				"east": {"uv": [0, 0, 16, 4.998], "texture": "#7"},
				"south": {"uv": [0, 0, 16, 4.998], "texture": "#7"},
				"west": {"uv": [0, 0, 16, 4.998], "texture": "#7"},
				"up": {"uv": [0, 0, 16, 16], "texture": "#7"},
				"down": {"uv": [0, 0, 16, 16], "texture": "#7"}
			}
		},
		{
			"name": "pot6",
			"from": [5.7, 12.8, 12.7],
			"to": [6, 13.8, 14.3],
			"rotation": {"angle": 0, "axis": "y", "origin": [8, 7.5, 8]},
			"faces": {
				"north": {"uv": [0, 12, 16, 16], "rotation": 270, "texture": "#7"},
				"south": {"uv": [0, 0, 16, 6], "rotation": 270, "texture": "#7"},
				"west": {"uv": [0, 0, 16, 16], "texture": "#7"},
				"up": {"uv": [0, 11, 16, 15.998], "rotation": 90, "texture": "#7"},
				"down": {"uv": [0, 0, 16, 16], "rotation": 90, "texture": "#7"}
			}
		},
		{
			"name": "pot5",
			"from": [7, 12.8, 12.7],
			"to": [7.3, 13.8, 14.3],
			"rotation": {"angle": 0, "axis": "y", "origin": [8, 7.5, 8]},
			"faces": {
				"north": {"uv": [0, 0, 16, 6], "rotation": 270, "texture": "#7"},
				"east": {"uv": [0, 0, 16, 16], "rotation": 180, "texture": "#7"},
				"south": {"uv": [0, 12, 15, 16], "rotation": 270, "texture": "#7"},
				"up": {"uv": [0, 0, 16, 4.998], "rotation": 90, "texture": "#7"},
				"down": {"uv": [0, 0, 16, 16], "rotation": 90, "texture": "#7"}
			}
		},
		{
			"name": "pot4",
			"from": [6, 12.8, 14],
			"to": [7, 13.8, 14.3],
			"rotation": {"angle": 0, "axis": "y", "origin": [8, 7.5, 8]},
			"faces": {
				"south": {"uv": [1, 0, 15, 16], "rotation": 180, "texture": "#7"},
				"up": {"uv": [1, 13, 14.999, 15.998], "texture": "#7"},
				"down": {"uv": [0, 0, 16, 16], "rotation": 180, "texture": "#7"}
			}
		},
		{
			"name": "pot3",
			"from": [6, 12.8, 12.7],
			"to": [7, 13.8, 13],
			"rotation": {"angle": 0, "axis": "y", "origin": [8, 7.5, 8]},
			"faces": {
				"north": {"uv": [1, 0, 15, 16], "rotation": 180, "texture": "#7"},
				"up": {"uv": [1, 0, 14.999, 2.998], "texture": "#7"},
				"down": {"uv": [0, 0, 16, 16], "rotation": 180, "texture": "#7"}
			}
		},
		{
			"name": "potion2",
			"from": [6, 12.5, 13],
			"to": [7, 12.8, 14],
			"rotation": {"angle": 0, "axis": "y", "origin": [8, 7.5, 8]},
			"faces": {
				"north": {"uv": [0, 11, 16, 15.998], "texture": "#7"},
				"east": {"uv": [0, 11, 16, 15.998], "texture": "#7"},
				"south": {"uv": [0, 11, 16, 15.998], "texture": "#7"},
				"west": {"uv": [0, 11, 16, 15.998], "texture": "#7"},
				"up": {"uv": [0, 0, 16, 16], "texture": "#7"},
				"down": {"uv": [0, 0, 16, 16], "texture": "#7"}
			}
		},
		{
			"name": "potion4",
			"from": [13, 12.5, 11],
			"to": [14, 12.8, 12],
			"rotation": {"angle": 0, "axis": "y", "origin": [8, 7.5, 8]},
			"faces": {
				"north": {"uv": [0, 11, 16, 15.998], "texture": "#7"},
				"east": {"uv": [0, 11, 16, 15.998], "texture": "#7"},
				"south": {"uv": [0, 11, 16, 15.998], "texture": "#7"},
				"west": {"uv": [0, 11, 16, 15.998], "texture": "#7"},
				"up": {"uv": [0, 0, 16, 16], "texture": "#7"},
				"down": {"uv": [0, 0, 16, 16], "texture": "#7"}
			}
		},
		{
			"name": "pot12",
			"from": [13.15, 14.7, 11.1],
			"to": [13.85, 15, 11.8],
			"rotation": {"angle": 0, "axis": "y", "origin": [8, 7.5, 8]},
			"faces": {
				"north": {"uv": [0, 0, 16, 16], "texture": "#7"},
				"east": {"uv": [0, 0, 16, 16], "texture": "#7"},
				"south": {"uv": [0, 0, 16, 16], "texture": "#7"},
				"west": {"uv": [0, 0, 16, 16], "texture": "#7"},
				"up": {"uv": [0, 0, 16, 16], "texture": "#8"},
				"down": {"uv": [0, 0, 16, 16], "texture": "#7"}
			}
		},
		{
			"name": "pot11",
			"from": [13.3, 14.4, 11.25],
			"to": [13.7, 14.7, 11.65],
			"rotation": {"angle": 0, "axis": "y", "origin": [8, 7.5, 8]},
			"faces": {
				"north": {"uv": [0, 0, 16, 16], "texture": "#7"},
				"east": {"uv": [0, 0, 16, 16], "texture": "#7"},
				"south": {"uv": [0, 0, 16, 16], "texture": "#7"},
				"west": {"uv": [0, 0, 16, 16], "texture": "#7"}
			}
		},
		{
			"name": "pot10",
			"from": [13.15, 14.1, 11.1],
			"to": [13.85, 14.4, 11.8],
			"rotation": {"angle": 0, "axis": "y", "origin": [8, 7.5, 8]},
			"faces": {
				"north": {"uv": [0, 0, 16, 4.998], "texture": "#7"},
				"east": {"uv": [0, 0, 16, 4.998], "texture": "#7"},
				"south": {"uv": [0, 0, 16, 4.998], "texture": "#7"},
				"west": {"uv": [0, 0, 16, 4.998], "texture": "#7"},
				"up": {"uv": [0, 0, 16, 16], "texture": "#7"}
			}
		},
		{
			"name": "pot9",
			"from": [13, 13.8, 11],
			"to": [14, 14.1, 12],
			"rotation": {"angle": 0, "axis": "y", "origin": [8, 7.5, 8]},
			"faces": {
				"north": {"uv": [0, 0, 16, 4.998], "texture": "#7"},
				"east": {"uv": [0, 0, 16, 4.998], "texture": "#7"},
				"south": {"uv": [0, 0, 16, 4.998], "texture": "#7"},
				"west": {"uv": [0, 0, 16, 4.998], "texture": "#7"},
				"up": {"uv": [0, 0, 16, 16], "texture": "#7"},
				"down": {"uv": [0, 0, 16, 16], "texture": "#7"}
			}
		},
		{
			"name": "pot8",
			"from": [12.7, 12.8, 10.7],
			"to": [13, 13.8, 12.3],
			"rotation": {"angle": 0, "axis": "y", "origin": [8, 7.5, 8]},
			"faces": {
				"north": {"uv": [0, 12, 16, 16], "rotation": 270, "texture": "#7"},
				"south": {"uv": [0, 0, 16, 6], "rotation": 270, "texture": "#7"},
				"west": {"uv": [0, 0, 16, 16], "texture": "#7"},
				"up": {"uv": [0, 11, 16, 15.998], "rotation": 90, "texture": "#7"},
				"down": {"uv": [0, 0, 16, 16], "rotation": 90, "texture": "#7"}
			}
		},
		{
			"name": "pot7",
			"from": [14, 12.8, 10.7],
			"to": [14.3, 13.8, 12.3],
			"rotation": {"angle": 0, "axis": "y", "origin": [8, 7.5, 8]},
			"faces": {
				"north": {"uv": [0, 0, 16, 6], "rotation": 270, "texture": "#7"},
				"east": {"uv": [0, 0, 16, 16], "rotation": 180, "texture": "#7"},
				"south": {"uv": [0, 12, 15, 16], "rotation": 270, "texture": "#7"},
				"up": {"uv": [0, 0, 16, 4.998], "rotation": 90, "texture": "#7"},
				"down": {"uv": [0, 0, 16, 16], "rotation": 90, "texture": "#7"}
			}
		},
		{
			"name": "pot6",
			"from": [13, 12.8, 12],
			"to": [14, 13.8, 12.3],
			"rotation": {"angle": 0, "axis": "y", "origin": [8, 7.5, 8]},
			"faces": {
				"south": {"uv": [1, 0, 15, 16], "rotation": 180, "texture": "#7"},
				"up": {"uv": [1, 13, 14.999, 15.998], "texture": "#7"},
				"down": {"uv": [0, 0, 16, 16], "rotation": 180, "texture": "#7"}
			}
		},
		{
			"name": "pot5",
			"from": [13, 12.8, 10.7],
			"to": [14, 13.8, 11],
			"rotation": {"angle": 0, "axis": "y", "origin": [8, 7.5, 8]},
			"faces": {
				"north": {"uv": [1, 0, 15, 16], "rotation": 180, "texture": "#7"},
				"up": {"uv": [1, 0, 14.999, 2.998], "texture": "#7"},
				"down": {"uv": [0, 0, 16, 16], "rotation": 180, "texture": "#7"}
			}
		},
		{
			"name": "potion3",
			"from": [9, 12.5, 13],
			"to": [10, 12.8, 14],
			"rotation": {"angle": 0, "axis": "y", "origin": [8, 7.5, 8]},
			"faces": {
				"north": {"uv": [0, 11, 16, 15.998], "texture": "#7"},
				"east": {"uv": [0, 11, 16, 15.998], "texture": "#7"},
				"south": {"uv": [0, 11, 16, 15.998], "texture": "#7"},
				"west": {"uv": [0, 11, 16, 15.998], "texture": "#7"},
				"up": {"uv": [0, 0, 16, 16], "texture": "#7"},
				"down": {"uv": [0, 0, 16, 16], "texture": "#7"}
			}
		},
		{
			"name": "pot11",
			"from": [9.15, 14.7, 13.1],
			"to": [9.85, 15, 13.8],
			"rotation": {"angle": 0, "axis": "y", "origin": [8, 7.5, 8]},
			"faces": {
				"north": {"uv": [0, 0, 16, 16], "texture": "#7"},
				"east": {"uv": [0, 0, 16, 16], "texture": "#7"},
				"south": {"uv": [0, 0, 16, 16], "texture": "#7"},
				"west": {"uv": [0, 0, 16, 16], "texture": "#7"},
				"up": {"uv": [0, 0, 16, 16], "texture": "#8"},
				"down": {"uv": [0, 0, 16, 16], "texture": "#7"}
			}
		},
		{
			"name": "pot10",
			"from": [9.3, 14.4, 13.25],
			"to": [9.7, 14.7, 13.65],
			"rotation": {"angle": 0, "axis": "y", "origin": [8, 7.5, 8]},
			"faces": {
				"north": {"uv": [0, 0, 16, 16], "texture": "#7"},
				"east": {"uv": [0, 0, 16, 16], "texture": "#7"},
				"south": {"uv": [0, 0, 16, 16], "texture": "#7"},
				"west": {"uv": [0, 0, 16, 16], "texture": "#7"}
			}
		},
		{
			"name": "pot9",
			"from": [9.15, 14.1, 13.1],
			"to": [9.85, 14.4, 13.8],
			"rotation": {"angle": 0, "axis": "y", "origin": [8, 7.5, 8]},
			"faces": {
				"north": {"uv": [0, 0, 16, 4.998], "texture": "#7"},
				"east": {"uv": [0, 0, 16, 4.998], "texture": "#7"},
				"south": {"uv": [0, 0, 16, 4.998], "texture": "#7"},
				"west": {"uv": [0, 0, 16, 4.998], "texture": "#7"},
				"up": {"uv": [0, 0, 16, 16], "texture": "#7"}
			}
		},
		{
			"name": "pot8",
			"from": [9, 13.8, 13],
			"to": [10, 14.1, 14],
			"rotation": {"angle": 0, "axis": "y", "origin": [8, 7.5, 8]},
			"faces": {
				"north": {"uv": [0, 0, 16, 4.998], "texture": "#7"},
				"east": {"uv": [0, 0, 16, 4.998], "texture": "#7"},
				"south": {"uv": [0, 0, 16, 4.998], "texture": "#7"},
				"west": {"uv": [0, 0, 16, 4.998], "texture": "#7"},
				"up": {"uv": [0, 0, 16, 16], "texture": "#7"},
				"down": {"uv": [0, 0, 16, 16], "texture": "#7"}
			}
		},
		{
			"name": "pot7",
			"from": [8.7, 12.8, 12.7],
			"to": [9, 13.8, 14.3],
			"rotation": {"angle": 0, "axis": "y", "origin": [8, 7.5, 8]},
			"faces": {
				"north": {"uv": [0, 12, 16, 16], "rotation": 270, "texture": "#7"},
				"south": {"uv": [0, 0, 16, 6], "rotation": 270, "texture": "#7"},
				"west": {"uv": [0, 0, 16, 16], "texture": "#7"},
				"up": {"uv": [0, 11, 16, 15.998], "rotation": 90, "texture": "#7"},
				"down": {"uv": [0, 0, 16, 16], "rotation": 90, "texture": "#7"}
			}
		},
		{
			"name": "pot6",
			"from": [10, 12.8, 12.7],
			"to": [10.3, 13.8, 14.3],
			"rotation": {"angle": 0, "axis": "y", "origin": [8, 7.5, 8]},
			"faces": {
				"north": {"uv": [0, 0, 16, 6], "rotation": 270, "texture": "#7"},
				"east": {"uv": [0, 0, 16, 16], "rotation": 180, "texture": "#7"},
				"south": {"uv": [0, 12, 15, 16], "rotation": 270, "texture": "#7"},
				"up": {"uv": [0, 0, 16, 4.998], "rotation": 90, "texture": "#7"},
				"down": {"uv": [0, 0, 16, 16], "rotation": 90, "texture": "#7"}
			}
		},
		{
			"name": "pot5",
			"from": [9, 12.8, 14],
			"to": [10, 13.8, 14.3],
			"rotation": {"angle": 0, "axis": "y", "origin": [8, 7.5, 8]},
			"faces": {
				"south": {"uv": [1, 0, 15, 16], "rotation": 180, "texture": "#7"},
				"up": {"uv": [1, 13, 14.999, 15.998], "texture": "#7"},
				"down": {"uv": [0, 0, 16, 16], "rotation": 180, "texture": "#7"}
			}
		},
		{
			"name": "pot4",
			"from": [9, 12.8, 12.7],
			"to": [10, 13.8, 13],
			"rotation": {"angle": 0, "axis": "y", "origin": [8, 7.5, 8]},
			"faces": {
				"north": {"uv": [1, 0, 15, 16], "rotation": 180, "texture": "#7"},
				"up": {"uv": [1, 0, 14.999, 2.998], "texture": "#7"},
				"down": {"uv": [0, 0, 16, 16], "rotation": 180, "texture": "#7"}
			}
		},
		{
			"name": "decoration",
			"from": [0.43, 4.5, 0.49],
			"to": [15.53, 12.5, 0.49],
			"faces": {
				"north": {"uv": [0, 8, 16, 15.999], "texture": "#5"},
				"south": {"uv": [0, 0, 0.56497, 5.70968], "texture": "#5"}
			}
		},
		{
			"name": "decoration2",
			"from": [0.52, 4.5, 15.51],
			"to": [15.62, 12.5, 15.51],
			"faces": {
				"north": {"uv": [0, 0, 0.56497, 5.70968], "texture": "#5"},
				"south": {"uv": [0, 7.97122, 16, 15.97122], "texture": "#5"}
			}
		},
		{
			"name": "decoration4",
			"from": [0.49, 4.5, 0.5],
			"to": [0.59, 12.5, 15.6],
			"faces": {
				"north": {"uv": [0, 0, 0.56497, 5.70968], "texture": "#5"},
				"east": {"uv": [0, 0, 0.56497, 5.70968], "texture": "#5"},
				"south": {"uv": [0, 0, 0.56497, 5.70968], "texture": "#5"},
				"west": {"uv": [0, 7.97122, 16, 15.97122], "texture": "#5"},
				"up": {"uv": [2, 0, 14, 1], "rotation": 270, "texture": "#5"},
				"down": {"uv": [0, 11, 12, 12], "rotation": 90, "texture": "#5"}
			}
		},
		{
			"name": "decoration3",
			"from": [15.51, 4.5, 0.42],
			"to": [15.51, 12.5, 15.52],
			"faces": {
				"east": {"uv": [0, 7.97122, 16, 15.97122], "texture": "#5"},
				"west": {"uv": [0, 0, 0.56497, 5.70968], "texture": "#5"}
			}
		},
		{
			"name": "bookmark",
			"from": [10, 12.1, 10.1],
			"to": [10, 14.1, 13.1],
			"faces": {
				"east": {"uv": [1.25, 2, 0, 0], "rotation": 90, "texture": "#0"},
				"west": {"uv": [8, 2, 0, 0], "rotation": 90, "texture": "#0"}
			}
		},
		{
			"name": "Top",
			"from": [1, 10, 1],
			"to": [15, 12.5, 15],
			"faces": {
				"north": {"uv": [0, 2, 16, 3], "texture": "#planks"},
				"east": {"uv": [0, 2, 16, 3], "texture": "#planks"},
				"south": {"uv": [0, 0, 16, 2], "texture": "#planks"},
				"west": {"uv": [0, 2, 16, 3], "texture": "#planks"},
				"up": {"uv": [0, 0, 16, 16], "texture": "#planks"},
				"down": {"uv": [0, 0, 16, 16], "texture": "#planks"}
			}
		},
		{
			"name": "Books",
			"from": [3, 1, 3],
			"to": [13, 12, 13],
			"faces": {
				"north": {"uv": [0, 0, 16, 16], "texture": "#books"},
				"east": {"uv": [0, 0, 16, 16], "texture": "#books"},
				"south": {"uv": [0, 0, 16, 16], "texture": "#books"},
				"west": {"uv": [0, 0, 16, 16], "texture": "#books"}
			}
		},
		{
			"name": "Base",
			"from": [1, 0, 1],
			"to": [15, 2, 15],
			"faces": {
				"north": {"uv": [0, 9, 16, 11], "texture": "#planks"},
				"east": {"uv": [0, 9, 16, 11], "texture": "#planks"},
				"south": {"uv": [0, 9, 16, 11], "texture": "#planks"},
				"west": {"uv": [0, 9, 16, 11], "texture": "#planks"},
				"up": {"uv": [0, 0, 16, 16], "texture": "#planks"},
				"down": {"uv": [0, 0, 16, 16], "texture": "#planks"}
			}
		},
		{
			"name": "Leg",
			"from": [13, 2, 1],
			"to": [15, 10, 3],
			"faces": {
				"north": {"uv": [0, 0, 3, 9], "texture": "#planks"},
				"east": {"uv": [0, 0, 3, 9], "texture": "#planks"},
				"south": {"uv": [13, 10, 16, 15], "texture": "#planks"},
				"west": {"uv": [0, 0, 3, 9], "texture": "#planks"}
			}
		},
		{
			"name": "Leg2",
			"from": [1, 2, 1],
			"to": [3, 10, 3],
			"faces": {
				"north": {"uv": [0, 0, 3, 9], "texture": "#planks"},
				"east": {"uv": [0, 0, 3, 9], "texture": "#planks"},
				"south": {"uv": [0, 0, 3, 9], "texture": "#planks"},
				"west": {"uv": [0, 0, 3, 9], "texture": "#planks"}
			}
		},
		{
			"name": "Leg3",
			"from": [13, 2, 13],
			"to": [15, 10, 15],
			"faces": {
				"north": {"uv": [0, 0, 3, 9], "texture": "#planks"},
				"east": {"uv": [0, 0, 3, 9], "texture": "#planks"},
				"south": {"uv": [0, 0, 3, 9], "texture": "#planks"},
				"west": {"uv": [0, 0, 3, 9], "texture": "#planks"}
			}
		},
		{
			"name": "Leg4",
			"from": [1, 2, 13],
			"to": [3, 10, 15],
			"faces": {
				"north": {"uv": [0, 0, 3, 9], "texture": "#planks"},
				"east": {"uv": [0, 0, 3, 9], "texture": "#planks"},
				"south": {"uv": [0, 0, 3, 9], "texture": "#planks"},
				"west": {"uv": [0, 0, 3, 9], "texture": "#planks"}
			}
		},
		{
			"name": "spine",
			"from": [10.7, 12.5, 4],
			"to": [11.7, 15, 12],
			"faces": {
				"north": {"uv": [14.5, 2, 16, 4], "texture": "#0"},
				"east": {"uv": [0, 2, 16, 4], "texture": "#0"},
				"south": {"uv": [0, 2, 1.5, 4], "texture": "#0"},
				"up": {"uv": [8, 4, 9.5, 16], "rotation": 180, "texture": "#0"}
			}
		},
		{
			"name": "cover",
			"from": [4.7, 12.5, 4],
			"to": [10.7, 13.5, 12],
			"faces": {
				"north": {"uv": [8, 2.25, 16, 3.75], "texture": "#0"},
				"south": {"uv": [8, 2, 16, 4], "texture": "#0"},
				"west": {"uv": [0, 2, 16, 4], "texture": "#0"},
				"up": {"uv": [8, 4, 16, 16], "texture": "#0"}
			}
		},
		{
			"name": "cover2",
			"from": [4.7, 14, 4],
			"to": [10.7, 15, 12],
			"faces": {
				"north": {"uv": [16, 2.25, 8, 3.75], "rotation": 180, "texture": "#0"},
				"south": {"uv": [16, 2, 8, 4], "rotation": 180, "texture": "#0"},
				"west": {"uv": [16, 2.25, 0, 3.75], "rotation": 180, "texture": "#0"},
				"up": {"uv": [16, 4, 9.25, 16], "texture": "#0"},
				"down": {"uv": [16, 4, 8, 16], "rotation": 180, "texture": "#0"}
			}
		},
		{
			"name": "page",
			"from": [5.2, 13.5, 4],
			"to": [10.7, 14, 12],
			"faces": {
				"north": {"uv": [0, 4, 7, 5], "rotation": 180, "texture": "#0"},
				"south": {"uv": [0, 4, 7, 5], "rotation": 180, "texture": "#0"},
				"west": {"uv": [0, 4, 7, 5], "texture": "#0"}
			}
		},
		{
			"name": "cloth",
			"from": [0.5, 12.51, 0.5],
			"to": [15.5, 12.51, 15.5],
			"faces": {
				"up": {"uv": [0, 0, 16, 16], "texture": "#4"},
				"down": {"uv": [0, 0, 16, 16], "texture": "#4"}
			}
		}
	],
	"groups": [
		{
			"name": "group",
			"origin": [8, 8, 8],
			"children": [0, 1, 2, 3, 4, 5, 6, 7, 8, 9, 10, 11,
				{
					"name": "book",
					"origin": [8, 8, 8],
					"children": [12, 13, 14, 15, 16]
				},
				{
					"name": "potion1",
					"origin": [8, 8, 8],
					"children": [17, 18, 19, 20, 21, 22, 23, 24, 25, 26]
				},
				{
					"name": "potion2",
					"origin": [8, 8, 8],
					"children": [27, 28, 29, 30, 31, 32, 33, 34, 35, 36]
				},
				{
					"name": "potion3",
					"origin": [8, 8, 8],
					"children": [37, 38, 39, 40, 41, 42, 43, 44, 45, 46]
				}
			]
		},
		{
			"name": "pot8",
			"origin": [8, 8, 8],
			"children": [47, 48, 49, 50, 51, 52, 53, 54, 55, 56]
		},
		{
			"name": "pot7",
			"origin": [8, 8, 8],
			"children": [57, 58, 59, 60, 61, 62, 63, 64, 65, 66]
		},
		{
			"name": "pot6",
			"origin": [8, 8, 8],
			"children": [67, 68, 69, 70, 71, 72, 73, 74, 75, 76]
		},
		{
			"name": "pot5",
			"origin": [8, 8, 8],
			"children": [77, 78, 79, 80, 81, 82, 83, 84, 85, 86]
		},
		{
			"name": "potion4",
			"origin": [8, 8, 8],
			"children": [87, 88, 89, 90, 91, 92, 93, 94, 95, 96]
		}
	]
}