{
	"credit": "Made with Blockbench",
	"parent": "block/block",
	"ambientocclusion": false,
	"textures": {
		"8": "minecolonies:blocks/university/universitytableside",
		"9": "minecolonies:blocks/university/table",
		"10": "minecolonies:blocks/university/drawerside",
		"11": "minecolonies:blocks/university/booktexture2",
		"12": "minecolonies:blocks/university/booktexture5",
		"13": "minecolonies:blocks/university/booktexture4",
		"14": "minecolonies:blocks/university/booktexture3",
		"16": "minecolonies:blocks/university/booktexture6",
		"17": "block/cauldron_side",
		"18": "block/cauldron_top",
		"19": "item/feather",
		"particle": "minecolonies:blocks/university/booktexture5"
	},
	"elements": [
		{
			"name": "quill buttom 1",
			"from": [2, 16, 9],
			"to": [3.5, 17.01, 10],
			"faces": {
				"north": {"uv": [0, 0, 16, 14], "rotation": 270, "texture": "#17"},
				"east": {"uv": [1, 0, 14.999, 14], "texture": "#17"},
				"south": {"uv": [0, 0, 16, 14], "rotation": 270, "texture": "#17"},
				"west": {"uv": [1, 0, 14.999, 14], "texture": "#17"},
				"up": {"uv": [0, 4, 16, 13.999], "rotation": 270, "texture": "#17"},
				"down": {"uv": [0, 0, 16, 14], "rotation": 270, "texture": "#17"}
			}
		},
		{
			"name": "quill buttom 2",
			"from": [2.1, 16, 8.75],
			"to": [3.4, 17, 10.25],
			"faces": {
				"north": {"uv": [0, 0, 16, 14], "texture": "#17"},
				"east": {"uv": [0, 0, 16, 14], "texture": "#17"},
				"south": {"uv": [0, 0, 16, 14], "texture": "#17"},
				"west": {"uv": [0, 0, 16, 14], "texture": "#17"},
				"up": {"uv": [0, 4, 16, 13.999], "rotation": 270, "texture": "#17"},
				"down": {"uv": [0, 0, 16, 14], "rotation": 270, "texture": "#17"}
			}
		},
		{
			"name": "quill top",
			"from": [2.25, 17, 9],
			"to": [3.25, 17.3, 10],
			"faces": {
				"north": {"uv": [0, 0, 16, 4.999], "texture": "#17"},
				"east": {"uv": [0, 0, 16, 4.999], "texture": "#17"},
				"south": {"uv": [0, 0, 16, 4.999], "texture": "#17"},
				"west": {"uv": [0, 0, 16, 4.999], "texture": "#17"},
				"up": {"uv": [0, 0, 16, 16], "texture": "#18"},
				"down": {"uv": [0, 0, 16, 14], "rotation": 270, "texture": "#17"}
			}
		},
		{
			"name": "cube101",
			"from": [1, 13, 0],
			"to": [2, 16, 9],
			"faces": {
				"north": {"uv": [14, 0, 15.999, 7.999], "texture": "#10"},
				"east": {"uv": [2, 0, 15.998, 8], "texture": "#10"},
				"south": {"uv": [0, 0, 1, 3], "texture": "#9"},
				"west": {"uv": [0, 0, 13.998, 8], "texture": "#10"},
				"up": {"uv": [0, 0, 1, 8], "texture": "#9"},
				"down": {"uv": [15, 1, 16, 10.999], "texture": "#9"}
			}
		},
		{
			"name": "cube111",
			"from": [2, 13, 0],
			"to": [14, 16, 1],
			"faces": {
				"north": {"uv": [1, 0, 14.999, 7.998], "texture": "#10"},
				"east": {"uv": [14, 0, 15.999, 7.999], "texture": "#10"},
				"south": {"uv": [1, 0, 14.999, 7.998], "texture": "#10"},
				"west": {"uv": [0, 0, 1.999, 7.999], "texture": "#10"},
				"up": {"uv": [0, 0, 7, 1], "texture": "#9"},
				"down": {"uv": [0, 0, 16, 1], "texture": "#9"}
			}
		},
		{
			"name": "cube121",
			"from": [14, 13, 0],
			"to": [15, 16, 9],
			"faces": {
				"north": {"uv": [0, 0, 1.999, 7.999], "texture": "#10"},
				"east": {"uv": [2, 0, 15.998, 8], "texture": "#10"},
				"south": {"uv": [0, 0, 1, 3], "texture": "#9"},
				"west": {"uv": [0, 0, 13.998, 8], "texture": "#10"},
				"up": {"uv": [0, 0, 0.999, 16], "texture": "#9"},
				"down": {"uv": [0, 1, 1, 10.999], "texture": "#9"}
			}
		},
		{
			"name": "cube131",
			"from": [1, 13, 9],
			"to": [15, 16, 10],
			"faces": {
				"north": {"uv": [1, 0, 14.999, 7.998], "texture": "#10"},
				"east": {"uv": [0, 0, 1, 3], "texture": "#9"},
				"south": {"uv": [0, 0, 15.998, 7.998], "texture": "#10"},
				"west": {"uv": [0, 0, 1, 3], "texture": "#9"},
				"up": {"uv": [0, 0, 7, 1], "texture": "#9"},
				"down": {"uv": [0, 0, 1, 7], "rotation": 90, "texture": "#9"}
			}
		},
		{
			"name": "cube141",
			"from": [2, 13, 1],
			"to": [14, 13.2, 9],
			"faces": {
				"north": {"uv": [0, 0, 5, 0.2], "texture": "#9"},
				"east": {"uv": [0, 0, 11, 0.2], "texture": "#9"},
				"south": {"uv": [0, 0, 5, 0.2], "texture": "#9"},
				"west": {"uv": [0, 0, 11, 0.2], "texture": "#9"},
				"up": {"uv": [1, 1, 13, 9], "texture": "#9"},
				"down": {"uv": [1, 1, 14.999, 10.998], "texture": "#9"}
			}
		},
		{
			"name": "side right",
			"from": [0, 0, 5],
			"to": [1, 16, 16],
			"faces": {
				"north": {"uv": [0, 0, 1, 16], "texture": "#8"},
				"east": {"uv": [0, 0, 16, 16], "texture": "#8"},
				"south": {"uv": [0, 0, 1, 16], "texture": "#8"},
				"west": {"uv": [0, 0, 16, 16], "texture": "#8"},
				"up": {"uv": [0, 0, 1, 16], "texture": "#8"},
				"down": {"uv": [0, 0, 1, 12], "texture": "#8"}
			}
		},
		{
			"name": "side left",
			"from": [15, 0, 5],
			"to": [16, 16, 16],
			"faces": {
				"north": {"uv": [0, 0, 1, 16], "texture": "#8"},
				"east": {"uv": [0, 0, 16, 16], "texture": "#8"},
				"south": {"uv": [0, 0, 1, 16], "texture": "#8"},
				"west": {"uv": [0, 0, 16, 16], "texture": "#8"},
				"up": {"uv": [0, 0, 1, 16], "texture": "#9"},
				"down": {"uv": [0, 0, 1, 12], "texture": "#8"}
			}
		},
		{
			"name": "top",
			"from": [0, 16, 5],
			"to": [16, 16.2, 16],
			"faces": {
				"north": {"uv": [0, 0, 16, 0.2], "texture": "#9"},
				"east": {"uv": [0, 0, 11, 0.2], "texture": "#9"},
				"south": {"uv": [0, 0, 16, 0.2], "texture": "#9"},
				"west": {"uv": [5, 0, 16, 0.2], "texture": "#9"},
				"up": {"uv": [0, 0, 16, 16], "texture": "#9"},
				"down": {"uv": [0, 0, 16, 16], "texture": "#9"}
			}
		},
		{
			"name": "buttom",
			"from": [1, 12.8, 5],
			"to": [15, 13, 16],
			"faces": {
				"north": {"uv": [0, 0, 16, 0.2], "texture": "#9"},
				"east": {"uv": [0, 0, 11, 0.2], "texture": "#9"},
				"south": {"uv": [0, 0, 14, 0.2], "texture": "#9"},
				"west": {"uv": [0, 0, 11, 0.2], "texture": "#9"},
				"up": {"uv": [0, 0, 16, 16], "texture": "#9"},
				"down": {"uv": [0, 0, 16, 16], "texture": "#9"}
			}
		},
		{
			"name": "buttom33",
			"from": [5, 13.2, 2],
			"to": [8, 13.4, 7],
			"faces": {
				"north": {"uv": [0, 2, 16, 4], "texture": "#11"},
				"east": {"uv": [0, 2, 16, 4], "texture": "#11"},
				"south": {"uv": [0, 2, 16, 4], "texture": "#11"},
				"west": {"uv": [0, 2, 16, 4], "texture": "#11"},
				"up": {"uv": [8, 4, 16, 16], "texture": "#11"},
				"down": {"uv": [8, 4, 16, 16], "texture": "#11"}
			}
		},
		{
			"name": "top33",
			"from": [5, 14, 2],
			"to": [8, 14.2, 7],
			"faces": {
				"north": {"uv": [0, 2, 16, 4], "texture": "#11"},
				"east": {"uv": [0, 2, 16, 4], "texture": "#11"},
				"south": {"uv": [0, 2, 16, 4], "texture": "#11"},
				"west": {"uv": [0, 2, 16, 4], "texture": "#11"},
				"up": {"uv": [8.5, 4, 16, 16], "rotation": 180, "texture": "#11"},
				"down": {"uv": [8, 4, 16, 16], "texture": "#11"}
			}
		},
		{
			"name": "end33",
			"from": [8, 13.2, 2],
			"to": [8.2, 14.2, 7],
			"faces": {
				"north": {"uv": [0, 2, 0.19984, 3.19984], "texture": "#11"},
				"east": {"uv": [0, 2, 16, 4], "texture": "#11"},
				"south": {"uv": [0, 2, 0.19984, 3.19984], "texture": "#11"},
				"west": {"uv": [0, 2, 16, 4], "texture": "#11"},
				"up": {"uv": [8, 4, 8.69984, 16], "rotation": 180, "texture": "#11"},
				"down": {"uv": [0, 0, 0.2, 5], "texture": "#11"}
			}
		},
		{
			"name": "middle33",
			"from": [5, 13.4, 2],
			"to": [8, 14, 7],
			"faces": {
				"north": {"uv": [0, 4, 3, 4.59951], "texture": "#11"},
				"east": {"uv": [0, 4, 3, 4.59951], "texture": "#11"},
				"south": {"uv": [0, 4, 3, 4.59951], "texture": "#11"},
				"west": {"uv": [0, 4, 5, 4.59951], "texture": "#11"},
				"up": {"uv": [0, 4, 3, 4.59951], "texture": "#11"},
				"down": {"uv": [0, 4, 3, 4.59951], "texture": "#11"}
			}
		},
		{
			"name": "buttom31",
			"from": [12.25, 16.2, 10.25],
			"to": [15.25, 16.4, 15.25],
			"faces": {
				"north": {"uv": [0, 2, 16, 4], "texture": "#13"},
				"east": {"uv": [0, 2, 16, 4], "texture": "#13"},
				"south": {"uv": [0, 2, 16, 4], "texture": "#13"},
				"west": {"uv": [0, 2, 16, 4], "texture": "#13"},
				"up": {"uv": [8, 4, 16, 16], "texture": "#13"},
				"down": {"uv": [8, 4, 16, 16], "texture": "#13"}
			}
		},
		{
			"name": "top31",
			"from": [12.25, 17, 10.25],
			"to": [15.25, 17.2, 15.25],
			"faces": {
				"north": {"uv": [0, 2, 16, 4], "texture": "#13"},
				"east": {"uv": [0, 2, 16, 4], "texture": "#13"},
				"south": {"uv": [0, 2, 16, 4], "texture": "#13"},
				"west": {"uv": [0, 2, 16, 4], "texture": "#13"},
				"up": {"uv": [8.5, 4, 16, 16], "rotation": 180, "texture": "#13"},
				"down": {"uv": [8, 4, 16, 16], "texture": "#13"}
			}
		},
		{
			"name": "end31",
			"from": [15.25, 16.2, 10.25],
			"to": [15.45, 17.2, 15.25],
			"faces": {
				"north": {"uv": [0, 2, 0.19984, 3.19984], "texture": "#13"},
				"east": {"uv": [0, 2, 16, 4], "texture": "#13"},
				"south": {"uv": [0, 2, 0.19984, 3.19984], "texture": "#13"},
				"west": {"uv": [0, 2, 16, 4], "texture": "#13"},
				"up": {"uv": [8, 4, 8.69984, 16], "rotation": 180, "texture": "#13"},
				"down": {"uv": [0, 0, 0.2, 5], "texture": "#13"}
			}
		},
		{
			"name": "middle31",
			"from": [12.25, 16.4, 10.25],
			"to": [15.25, 17, 15.25],
			"faces": {
				"north": {"uv": [0, 4, 3, 4.59951], "texture": "#13"},
				"east": {"uv": [0, 4, 3, 4.59951], "texture": "#13"},
				"south": {"uv": [0, 4, 3, 4.59951], "texture": "#13"},
				"west": {"uv": [0, 4, 5, 4.59951], "texture": "#13"},
				"up": {"uv": [0, 4, 3, 4.59951], "texture": "#13"},
				"down": {"uv": [0, 4, 3, 4.59951], "texture": "#13"}
			}
		},
		{
			"name": "buttom312",
			"from": [12.25, 17.2, 10.25],
			"to": [15.25, 17.4, 15.25],
			"faces": {
				"north": {"uv": [0, 2, 16, 4], "texture": "#12"},
				"east": {"uv": [0, 2, 16, 4], "texture": "#12"},
				"south": {"uv": [0, 2, 16, 4], "texture": "#12"},
				"west": {"uv": [0, 2, 16, 4], "texture": "#12"},
				"up": {"uv": [8, 4, 16, 16], "texture": "#12"},
				"down": {"uv": [8, 4, 16, 16], "texture": "#12"}
			}
		},
		{
			"name": "top312",
			"from": [12.25, 18, 10.25],
			"to": [15.25, 18.2, 15.25],
			"faces": {
				"north": {"uv": [0, 2, 16, 4], "texture": "#12"},
				"east": {"uv": [0, 2, 16, 4], "texture": "#12"},
				"south": {"uv": [0, 2, 16, 4], "texture": "#12"},
				"west": {"uv": [0, 2, 16, 4], "texture": "#12"},
				"up": {"uv": [8.5, 4, 16, 16], "rotation": 180, "texture": "#12"},
				"down": {"uv": [8, 4, 16, 16], "texture": "#12"}
			}
		},
		{
			"name": "end312",
			"from": [15.25, 17.2, 10.25],
			"to": [15.45, 18.2, 15.25],
			"faces": {
				"north": {"uv": [0, 2, 0.19984, 3.19984], "texture": "#12"},
				"east": {"uv": [0, 2, 16, 4], "texture": "#12"},
				"south": {"uv": [0, 2, 0.19984, 3.19984], "texture": "#12"},
				"west": {"uv": [0, 2, 16, 4], "texture": "#12"},
				"up": {"uv": [8, 4, 8.69984, 16], "rotation": 180, "texture": "#12"},
				"down": {"uv": [0, 0, 0.2, 5], "texture": "#12"}
			}
		},
		{
			"name": "middle32",
			"from": [12.25, 17.4, 10.25],
			"to": [15.25, 18, 15.25],
			"faces": {
				"north": {"uv": [0, 4, 3, 4.59951], "texture": "#12"},
				"east": {"uv": [0, 4, 3, 4.59951], "texture": "#12"},
				"south": {"uv": [0, 4, 3, 4.59951], "texture": "#12"},
				"west": {"uv": [0, 4, 5, 4.59951], "texture": "#12"},
				"up": {"uv": [0, 4, 3, 4.59951], "texture": "#12"},
				"down": {"uv": [0, 4, 3, 4.59951], "texture": "#12"}
			}
		},
		{
			"name": "buttom34",
			"from": [10, 13.2, 2],
			"to": [13, 13.4, 7],
			"faces": {
				"north": {"uv": [0, 2, 16, 4], "texture": "#14"},
				"east": {"uv": [0, 2, 16, 4], "texture": "#14"},
				"south": {"uv": [0, 2, 16, 4], "texture": "#14"},
				"west": {"uv": [0, 2, 16, 4], "texture": "#14"},
				"up": {"uv": [8, 4, 16, 16], "texture": "#14"},
				"down": {"uv": [8, 4, 16, 16], "texture": "#14"}
			}
		},
		{
			"name": "top43",
			"from": [10, 14, 2],
			"to": [13, 14.2, 7],
			"faces": {
				"north": {"uv": [0, 2, 16, 4], "texture": "#14"},
				"east": {"uv": [0, 2, 16, 4], "texture": "#14"},
				"south": {"uv": [0, 2, 16, 4], "texture": "#14"},
				"west": {"uv": [0, 2, 16, 4], "texture": "#14"},
				"up": {"uv": [8.5, 4, 16, 16], "rotation": 180, "texture": "#14"},
				"down": {"uv": [8, 4, 16, 16], "texture": "#14"}
			}
		},
		{
			"name": "end34",
			"from": [13, 13.2, 2],
			"to": [13.2, 14.2, 7],
			"faces": {
				"north": {"uv": [0, 2, 0.19984, 3.19984], "texture": "#14"},
				"east": {"uv": [0, 2, 16, 4], "texture": "#14"},
				"south": {"uv": [0, 2, 0.19984, 3.19984], "texture": "#14"},
				"west": {"uv": [0, 2, 16, 4], "texture": "#14"},
				"up": {"uv": [8, 4, 8.69984, 16], "rotation": 180, "texture": "#14"},
				"down": {"uv": [0, 0, 0.2, 5], "texture": "#14"}
			}
		},
		{
			"name": "middle34",
			"from": [10, 13.4, 2],
			"to": [13, 14, 7],
			"faces": {
				"north": {"uv": [0, 4, 3, 4.59951], "texture": "#14"},
				"east": {"uv": [0, 4, 3, 4.59951], "texture": "#14"},
				"south": {"uv": [0, 4, 3, 4.59951], "texture": "#14"},
				"west": {"uv": [0, 4, 5, 4.59951], "texture": "#14"},
				"up": {"uv": [0, 4, 3, 4.59951], "texture": "#14"},
				"down": {"uv": [0, 4, 3, 4.59951], "texture": "#14"}
			}
		},
		{
			"name": "buttom443",
			"from": [12.25, 18.2, 10.25],
			"to": [15.25, 18.4, 15.25],
			"faces": {
				"north": {"uv": [0, 2, 16, 4], "texture": "#16"},
				"east": {"uv": [0, 2, 16, 4], "texture": "#16"},
				"south": {"uv": [0, 2, 16, 4], "texture": "#16"},
				"west": {"uv": [0, 2, 16, 4], "texture": "#16"},
				"up": {"uv": [8, 4, 16, 16], "texture": "#16"},
				"down": {"uv": [8, 4, 16, 16], "texture": "#16"}
			}
		},
		{
			"name": "top443",
			"from": [12.25, 19, 10.25],
			"to": [15.25, 19.2, 15.25],
			"faces": {
				"north": {"uv": [0, 2, 16, 4], "texture": "#16"},
				"east": {"uv": [0, 2, 16, 4], "texture": "#16"},
				"south": {"uv": [0, 2, 16, 4], "texture": "#16"},
				"west": {"uv": [0, 2, 16, 4], "texture": "#16"},
				"up": {"uv": [8.5, 4, 16, 16], "rotation": 180, "texture": "#16"},
				"down": {"uv": [8, 4, 16, 16], "texture": "#16"}
			}
		},
		{
			"name": "end443",
			"from": [15.25, 18.2, 10.25],
			"to": [15.45, 19.2, 15.25],
			"faces": {
				"north": {"uv": [0, 2, 0.19984, 3.19984], "texture": "#16"},
				"east": {"uv": [0, 2, 16, 4], "texture": "#16"},
				"south": {"uv": [0, 2, 0.19984, 3.19984], "texture": "#16"},
				"west": {"uv": [0, 2, 16, 4], "texture": "#16"},
				"up": {"uv": [8, 4, 8.69984, 16], "rotation": 180, "texture": "#16"},
				"down": {"uv": [0, 0, 0.2, 5], "texture": "#16"}
			}
		},
		{
			"name": "middle443",
			"from": [12.25, 18.4, 10.25],
			"to": [15.25, 19, 15.25],
			"faces": {
				"north": {"uv": [0, 4, 3, 4.59951], "texture": "#16"},
				"east": {"uv": [0, 4, 3, 4.59951], "texture": "#16"},
				"south": {"uv": [0, 4, 3, 4.59951], "texture": "#16"},
				"west": {"uv": [0, 4, 5, 4.59951], "texture": "#16"},
				"up": {"uv": [0, 4, 3, 4.59951], "texture": "#16"},
				"down": {"uv": [0, 4, 3, 4.59951], "texture": "#16"}
			}
		},
		{
			"name": "handl44e",
			"from": [7, 14, -0.5],
			"to": [9, 15, 0],
			"faces": {
				"north": {"uv": [7, 0, 9, 1], "texture": "#9"},
				"east": {"uv": [0, 0, 0.5, 1], "texture": "#9"},
				"south": {"uv": [0, 0, 2, 1], "texture": "#9"},
				"west": {"uv": [0, 0, 0.5, 1], "texture": "#9"},
				"up": {"uv": [0, 0, 2, 0.5], "texture": "#9"},
				"down": {"uv": [0, 0, 2, 0.5], "texture": "#9"}
			}
		},
		{
			"name": "buttom441",
			"from": [5, 16.2, 6],
			"to": [8, 16.4, 11],
			"faces": {
				"north": {"uv": [0, 2, 16, 4], "texture": "#11"},
				"east": {"uv": [0, 2, 16, 4], "texture": "#11"},
				"south": {"uv": [0, 2, 16, 4], "texture": "#11"},
				"west": {"uv": [0, 2, 16, 4], "texture": "#11"},
				"up": {"uv": [8, 4, 16, 16], "texture": "#11"},
				"down": {"uv": [8, 4, 16, 16], "texture": "#11"}
			}
		},
		{
			"name": "end144",
			"from": [8, 16.2, 6],
			"to": [9, 16.4, 11],
			"faces": {
				"north": {"uv": [0, 2, 0.19984, 3.19984], "rotation": 270, "texture": "#11"},
				"east": {"uv": [0, 3.75, 16, 3.94988], "rotation": 180, "texture": "#11"},
				"south": {"uv": [0, 2, 0.19984, 3.19984], "rotation": 90, "texture": "#11"},
				"west": {"uv": [0, 3.75, 16, 3.94988], "rotation": 180, "texture": "#11"},
				"up": {"uv": [0, 2, 16, 4], "rotation": 90, "texture": "#11"},
				"down": {"uv": [0, 2, 16, 4], "rotation": 270, "texture": "#11"}
			}
		},
		{
			"name": "middle441",
			"from": [5, 16.4, 6],
			"to": [8.5, 16.65, 11],
			"faces": {
				"north": {"uv": [0, 4, 3, 4.59951], "texture": "#11"},
				"east": {"uv": [0, 4, 3, 4.59951], "texture": "#11"},
				"south": {"uv": [0, 4, 3, 4.59951], "texture": "#11"},
				"west": {"uv": [0, 4, 5, 4.59951], "texture": "#11"},
				"up": {"uv": [0, 4, 7.75, 16], "rotation": 180, "texture": "#11"},
				"down": {"uv": [0, 4, 3, 4.59951], "texture": "#11"}
			}
		},
		{
			"name": "buttom144",
			"from": [9, 16.2, 6],
			"to": [12, 16.4, 11],
			"faces": {
				"north": {"uv": [0, 2, 16, 4], "texture": "#11"},
				"east": {"uv": [0, 2, 16, 4], "texture": "#11"},
				"south": {"uv": [0, 2, 16, 4], "texture": "#11"},
				"west": {"uv": [0, 2, 16, 4], "texture": "#11"},
				"up": {"uv": [8, 4, 16, 16], "texture": "#11"},
				"down": {"uv": [8, 4, 16, 16], "texture": "#11"}
			}
		},
		{
			"name": "middle442",
			"from": [8.5, 16.4, 6],
			"to": [12, 16.65, 11],
			"faces": {
				"north": {"uv": [0, 4, 3, 4.59951], "texture": "#11"},
				"east": {"uv": [0, 4, 3, 4.59951], "texture": "#11"},
				"south": {"uv": [0, 4, 3, 4.59951], "texture": "#11"},
				"west": {"uv": [0, 4, 5, 4.59951], "texture": "#11"},
				"up": {"uv": [0, 4, 7.75, 16], "rotation": 180, "texture": "#11"},
				"down": {"uv": [0, 4, 3, 4.59951], "texture": "#11"}
			}
		},
		{
			"name": "feather",
			"from": [2.7, 16.95, 8],
			"to": [2.7, 18.95, 10],
			"faces": {
				"north": {"uv": [0, 0, 1, 0], "rotation": 270, "texture": "#19"},
				"east": {"uv": [0, 0, 16, 16], "rotation": 180, "texture": "#19"},
				"south": {"uv": [0, 0, 1, 0], "rotation": 90, "texture": "#19"},
				"west": {"uv": [0, 0, 16, 16], "rotation": 270, "texture": "#19"},
				"up": {"uv": [0, 0, 1, 0], "rotation": 90, "texture": "#19"},
				"down": {"uv": [0, 0, 1, 0], "rotation": 90, "texture": "#19"}
			}
		}
	],
	"groups": [
		{
			"name": "quill",
			"origin": [8, 8, 8],
			"children": [0, 1, 2, 3]
		},
		{
			"name": "table",
			"origin": [8, 8, 8],
			"children": [
				{
					"name": "drawer",
					"origin": [8, 8, 8],
					"children": [4, 5, 6, 7, 8]
				}, 9, 10, 11, 12]
		},
		{
			"name": "book3",
			"origin": [8, 8, 8],
			"children": [13, 14, 15, 16]
		},
		{
			"name": "book4",
			"origin": [8, 8, 8],
			"children": [17, 18, 19, 20]
		},
		{
			"name": "book5",
			"origin": [8, 8, 8],
			"children": [21, 22, 23, 24]
		},
		{
			"name": "book6",
			"origin": [8, 8, 8],
			"children": [25, 26, 27, 28]
		},
		{
			"name": "book2",
			"origin": [8, 8, 8],
			"children": [29, 30, 31, 32, 33]
		},
		{
			"name": "book",
			"origin": [8, 8, 8],
			"children": [34, 35, 36, 37, 38]
		}
	]
}