{
	"credit": "Made with Blockbench",
	"parent": "block/block",
	"ambientocclusion": false,
	"textures": {
		"0": "item/arrow",
		"2": "block/spruce_planks",
		"3": "block/anvil_top",
		"4": "item/bow",
		"particle": "block/spruce_planks"
	},
	"elements": [
		{
			"name": "base",
			"from": [0, 0, 11],
			"to": [16, 22, 16],
			"shade": false,
			"faces": {
				"north": {"uv": [0, 0, 16, 16], "texture": "#2"},
				"east": {"uv": [0, 0, 5, 16], "texture": "#2"},
				"south": {"uv": [0, 0, 16, 16], "texture": "#2"},
				"west": {"uv": [11, 0, 16, 16], "texture": "#2"},
				"up": {"uv": [0, 3, 16, 8], "texture": "#2"},
				"down": {"uv": [0, 11, 16, 16], "texture": "#2"}
			}
		},
		{
			"name": "holder1",
			"from": [7, 18, 10],
			"to": [8, 19, 11],
			"faces": {
				"north": {"uv": [3, 0, 13, 16], "texture": "#3"},
				"east": {"uv": [3, 0, 13, 16], "texture": "#3"},
				"west": {"uv": [3, 0, 13, 16], "texture": "#3"},
				"up": {"uv": [3, 0, 13, 16], "texture": "#3"},
				"down": {"uv": [3, 0, 13, 16], "texture": "#3"}
			}
		},
		{
			"name": "holder2",
			"from": [7, 12, 10],
			"to": [8, 13, 11],
			"faces": {
				"north": {"uv": [3, 0, 13, 16], "texture": "#3"},
				"east": {"uv": [3, 0, 13, 16], "texture": "#3"},
				"west": {"uv": [3, 0, 13, 16], "texture": "#3"},
				"up": {"uv": [3, 0, 13, 16], "texture": "#3"},
				"down": {"uv": [3, 0, 13, 16], "texture": "#3"}
			}
		},
		{
			"name": "base2",
			"from": [0, 0, 0],
			"to": [16, 7, 11],
			"faces": {
				"north": {"uv": [0, 11, 16, 15.999], "texture": "#2"},
				"east": {"uv": [5, 11, 16, 15.998], "texture": "#2"},
				"west": {"uv": [0, 11, 10.999, 15.998], "texture": "#2"},
				"up": {"uv": [0, 0, 16, 11], "texture": "#2"},
				"down": {"uv": [0, 0, 16, 11], "texture": "#2"}
			}
		},
		{
			"name": "base3",
			"from": [0, 7, 0],
			"to": [1, 9, 11],
			"faces": {
				"north": {"uv": [15, 9, 16, 11], "texture": "#2"},
				"east": {"uv": [0, 0, 12, 2], "texture": "#2"},
				"west": {"uv": [0, 9, 10.999, 10.996], "texture": "#2"},
				"up": {"uv": [15, 4, 16, 16], "rotation": 180, "texture": "#2"}
			}
		},
		{
			"name": "base4",
			"from": [15, 7, 0],
			"to": [16, 9, 11],
			"faces": {
				"north": {"uv": [0, 9, 1, 11], "texture": "#2"},
				"east": {"uv": [5, 9, 16, 11], "texture": "#2"},
				"west": {"uv": [0, 0, 12, 2], "texture": "#2"},
				"up": {"uv": [0, 4, 1, 16], "rotation": 180, "texture": "#2"}
			}
		},
		{
			"name": "base5",
			"from": [1, 7, 0],
			"to": [15, 9, 1],
			"faces": {
				"north": {"uv": [1, 9, 14.998, 10.999], "texture": "#2"},
				"south": {"uv": [0, 0, 14, 2], "texture": "#2"},
				"up": {"uv": [0, 15, 15.999, 16], "texture": "#2"}
			}
		},
		{
			"name": "arrow2",
			"from": [5, 7.01, 0],
			"to": [11, 7.02, 5],
			"rotation": {"angle": -45, "axis": "y", "origin": [8, 8, 8]},
			"faces": {
				"north": {"uv": [0, 0, 3, 4], "texture": "#0"},
				"east": {"uv": [0, 0, 1, 1], "texture": "#0"},
				"up": {"uv": [0, 0, 16, 16], "texture": "#0"},
				"down": {"uv": [0, 0, 1, 1], "texture": "#0"}
			}
		},
		{
			"name": "arrow3",
			"from": [5, 7.01, 2],
			"to": [11, 7.02, 7],
			"rotation": {"angle": -45, "axis": "y", "origin": [8, 8, 8]},
			"faces": {
				"up": {"uv": [0, 0, 16, 16], "texture": "#0"},
				"down": {"uv": [0, 0, 1, 1], "texture": "#0"}
			}
		},
		{
			"name": "arrow4",
			"from": [7, 7.01, 2],
			"to": [13, 7.02, 7],
			"rotation": {"angle": -45, "axis": "y", "origin": [8, 8, 8]},
			"faces": {
				"north": {"uv": [0, 0, 3, 4], "texture": "#0"},
				"east": {"uv": [0, 0, 1, 1], "texture": "#0"},
				"up": {"uv": [0, 0, 16, 16], "texture": "#0"},
				"down": {"uv": [0, 0, 1, 1], "texture": "#0"}
			}
		},
		{
			"name": "arrow5",
			"from": [7, 7.01, 4],
			"to": [13, 7.02, 9],
			"rotation": {"angle": -45, "axis": "y", "origin": [8, 8, 8]},
			"faces": {
				"up": {"uv": [0, 0, 16, 16], "texture": "#0"},
				"down": {"uv": [0, 0, 1, 1], "texture": "#0"}
			}
		},
		{
			"name": "arrow6",
			"from": [9, 7.01, 4],
			"to": [15, 7.02, 9],
			"rotation": {"angle": -45, "axis": "y", "origin": [8, 8, 8]},
			"faces": {
				"north": {"uv": [0, 0, 3, 4], "texture": "#0"},
				"east": {"uv": [0, 0, 1, 1], "texture": "#0"},
				"south": {"uv": [0, 0, 1, 1], "texture": "#0"},
				"up": {"uv": [0, 0, 16, 16], "texture": "#0"},
				"down": {"uv": [0, 0, 1, 1], "texture": "#0"}
			}
		},
		{
			"name": "arrow7",
			"from": [4.25, 7.01, 8.5],
			"to": [10.25, 7.02, 13.5],
			"rotation": {"angle": -45, "axis": "y", "origin": [8, 8, 8]},
			"faces": {
				"east": {"uv": [0, 0, 1, 1], "texture": "#0"},
				"up": {"uv": [0, 0, 16, 16], "texture": "#0"},
				"down": {"uv": [0, 0, 1, 1], "texture": "#0"}
			}
		},
		{
			"name": "arrow9",
			"from": [0.25, 7, 4.5],
			"to": [6.25, 7.01, 9.5],
			"rotation": {"angle": -45, "axis": "y", "origin": [8, 8, 8]},
			"faces": {
				"up": {"uv": [0, 0, 16, 16], "texture": "#0"},
				"down": {"uv": [0, 0, 1, 1], "texture": "#0"}
			}
		},
		{
			"name": "arrow10",
			"from": [0.25, 7.01, 6.5],
			"to": [6.25, 7.02, 11.5],
			"rotation": {"angle": -45, "axis": "y", "origin": [8, 8, 8]},
			"faces": {
				"south": {"uv": [0, 0, 1, 1], "texture": "#0"},
				"west": {"uv": [0, 0, 1, 1], "texture": "#0"},
				"up": {"uv": [0, 0, 16, 16], "texture": "#0"},
				"down": {"uv": [0, 0, 1, 1], "texture": "#0"}
			}
		},
		{
			"name": "arrow11",
			"from": [2.25, 7.01, 6.5],
			"to": [8.25, 7.02, 11.5],
			"rotation": {"angle": -45, "axis": "y", "origin": [8, 8, 8]},
			"faces": {
				"up": {"uv": [0, 0, 16, 16], "texture": "#0"},
				"down": {"uv": [0, 0, 1, 1], "texture": "#0"}
			}
		},
		{
			"name": "arrow12",
			"from": [2.25, 7.01, 8.5],
			"to": [8.25, 7.02, 13.5],
			"rotation": {"angle": -45, "axis": "y", "origin": [8, 8, 8]},
			"faces": {
				"south": {"uv": [0, 0, 1, 1], "texture": "#0"},
				"west": {"uv": [0, 0, 1, 1], "texture": "#0"},
				"up": {"uv": [0, 0, 16, 16], "texture": "#0"},
				"down": {"uv": [0, 0, 1, 1], "texture": "#0"}
			}
		},
		{
			"name": "bow 1",
			"from": [17, 11.6, 10.5],
			"to": [17.8, 12.4, 10.9],
			"rotation": {"angle": 45, "axis": "z", "origin": [10, 2, 9]},
			"faces": {
				"north": {"uv": [4, 5, 5, 6], "texture": "#4"},
				"east": {"uv": [4, 5, 5, 6], "texture": "#4"},
				"south": {"uv": [4, 5, 5, 6], "texture": "#4"},
				"up": {"uv": [4, 5, 5, 6], "texture": "#4"}
			}
		},
		{
			"name": "bow2",
			"from": [16.2, 11.6, 10.5],
			"to": [17, 13.2, 10.9],
			"rotation": {"angle": 45, "axis": "z", "origin": [10, 2, 9]},
			"faces": {
				"north": {"uv": [5, 4, 6, 6], "texture": "#4"},
				"east": {"uv": [5, 4, 6, 6], "texture": "#4"},
				"south": {"uv": [5, 4, 6, 6], "texture": "#4"},
				"up": {"uv": [4, 5, 5, 6], "texture": "#4"}
			}
		},
		{
			"name": "bow3",
			"from": [14.6, 11.6, 10.5],
			"to": [16.2, 14, 10.9],
			"rotation": {"angle": 45, "axis": "z", "origin": [10, 2, 9]},
			"faces": {
				"north": {"uv": [6, 3, 8, 6], "texture": "#4"},
				"east": {"uv": [4, 5, 5, 6], "texture": "#4"},
				"south": {"uv": [6, 3, 8, 6], "texture": "#4"},
				"west": {"uv": [7, 3, 8, 6], "texture": "#4"},
				"up": {"uv": [4, 5, 5, 6], "texture": "#4"},
				"down": {"uv": [4, 5, 5, 6], "texture": "#4"}
			}
		},
		{
			"name": "bow4",
			"from": [12.2, 12.4, 10.5],
			"to": [14.6, 14.8, 10.9],
			"rotation": {"angle": 45, "axis": "z", "origin": [10, 2, 9]},
			"faces": {
				"north": {"uv": [8, 2, 11, 5], "texture": "#4"},
				"east": {"uv": [4, 5, 5, 6], "texture": "#4"},
				"south": {"uv": [8, 2, 11, 5], "texture": "#4"},
				"west": {"uv": [10, 2, 11, 5], "texture": "#4"},
				"up": {"uv": [4, 5, 5, 6], "texture": "#4"},
				"down": {"uv": [4, 5, 5, 6], "texture": "#4"}
			}
		},
		{
			"name": "bow5",
			"from": [9.4, 13.2, 10.5],
			"to": [12.2, 15.6, 10.9],
			"rotation": {"angle": 45, "axis": "z", "origin": [10, 2, 9]},
			"faces": {
				"north": {"uv": [11, 1, 15, 4], "texture": "#4"},
				"east": {"uv": [4, 5, 5, 6], "texture": "#4"},
				"south": {"uv": [11, 1, 15, 4], "texture": "#4"},
				"west": {"uv": [14, 1, 15, 4], "texture": "#4"},
				"up": {"uv": [4, 5, 5, 6], "texture": "#4"},
				"down": {"uv": [4, 5, 5, 6], "texture": "#4"}
			}
		},
		{
			"name": "bow6",
			"from": [9.2, 15.4, 10.5],
			"to": [10, 16.2, 10.9],
			"rotation": {"angle": 45, "axis": "z", "origin": [12, 2, 9]},
			"faces": {
				"north": {"uv": [15, 2, 16, 3], "texture": "#4"},
				"south": {"uv": [4, 5, 5, 6], "texture": "#4"},
				"west": {"uv": [4, 5, 5, 6], "texture": "#4"},
				"up": {"uv": [4, 5, 5, 6], "texture": "#4"},
				"down": {"uv": [4, 5, 5, 6], "texture": "#4"}
			}
		},
		{
			"name": "bow7",
			"from": [7.8, 9.2, 10.5],
			"to": [8.6, 10, 10.9],
			"rotation": {"angle": -45, "axis": "z", "origin": [12, 2, 9]},
			"faces": {
				"north": {"uv": [4, 5, 5, 6], "texture": "#4"},
				"east": {"uv": [4, 5, 5, 6], "texture": "#4"},
				"south": {"uv": [15, 2, 16, 3], "texture": "#4"},
				"up": {"uv": [4, 5, 5, 6], "rotation": 180, "texture": "#4"},
				"down": {"uv": [4, 5, 5, 6], "rotation": 180, "texture": "#4"}
			}
		},
		{
			"name": "bow8",
			"from": [5, 8.4, 10.5],
			"to": [7.8, 10.8, 10.9],
			"rotation": {"angle": -45, "axis": "z", "origin": [12, 2, 9]},
			"faces": {
				"north": {"uv": [11, 1, 15, 4], "texture": "#4"},
				"east": {"uv": [14, 1, 15, 4], "texture": "#4"},
				"south": {"uv": [11, 1, 15, 4], "texture": "#4"},
				"west": {"uv": [4, 5, 5, 6], "texture": "#4"},
				"up": {"uv": [4, 5, 5, 6], "rotation": 180, "texture": "#4"},
				"down": {"uv": [4, 5, 5, 6], "rotation": 180, "texture": "#4"}
			}
		},
		{
			"name": "bow9",
			"from": [2.6, 7.6, 10.5],
			"to": [5, 10, 10.9],
			"rotation": {"angle": -45, "axis": "z", "origin": [12, 2, 9]},
			"faces": {
				"north": {"uv": [8, 2, 11, 5], "texture": "#4"},
				"east": {"uv": [10, 2, 11, 5], "texture": "#4"},
				"south": {"uv": [8, 2, 11, 5], "texture": "#4"},
				"west": {"uv": [4, 5, 5, 6], "texture": "#4"},
				"up": {"uv": [4, 5, 5, 6], "rotation": 180, "texture": "#4"},
				"down": {"uv": [4, 5, 5, 6], "rotation": 180, "texture": "#4"}
			}
		},
		{
			"name": "bow10",
			"from": [0.4, 8.2, 10.5],
			"to": [2, 10.6, 10.9],
			"rotation": {"angle": -45, "axis": "z", "origin": [10, 2, 9]},
			"faces": {
				"north": {"uv": [3, 6, 6, 8], "rotation": 90, "texture": "#4"},
				"east": {"uv": [7, 3, 8, 6], "texture": "#4"},
				"south": {"uv": [6, 3, 8, 6], "texture": "#4"},
				"west": {"uv": [4, 5, 5, 6], "texture": "#4"},
				"up": {"uv": [4, 5, 5, 6], "rotation": 180, "texture": "#4"},
				"down": {"uv": [4, 5, 5, 6], "rotation": 180, "texture": "#4"}
			}
		},
		{
			"name": "bow11",
			"from": [15.4, 10.8, 10.5],
			"to": [16.2, 11.6, 10.9],
			"rotation": {"angle": 45, "axis": "z", "origin": [10, 2, 9]},
			"faces": {
				"north": {"uv": [6, 6, 7, 7], "texture": "#4"},
				"east": {"uv": [6, 6, 7, 7], "texture": "#4"},
				"south": {"uv": [6, 6, 7, 7], "texture": "#4"},
				"down": {"uv": [6, 6, 7, 7], "texture": "#4"}
			}
		},
		{
			"name": "bow12",
			"from": [10.6, 13.8, 10.5],
			"to": [11.4, 14.6, 10.9],
			"rotation": {"angle": 45, "axis": "z", "origin": [12, 2, 9]},
			"faces": {
				"north": {"uv": [13, 4, 14, 5], "texture": "#4"},
				"east": {"uv": [13, 4, 14, 5], "texture": "#4"},
				"south": {"uv": [13, 4, 14, 5], "texture": "#4"},
				"west": {"uv": [13, 4, 14, 5], "texture": "#4"},
				"up": {"uv": [13, 4, 14, 5], "texture": "#4"},
				"down": {"uv": [13, 4, 14, 5], "texture": "#4"}
			}
		},
		{
			"name": "bow13",
			"from": [11.4, 13, 10.5],
			"to": [12.2, 13.8, 10.9],
			"rotation": {"angle": 45, "axis": "z", "origin": [12, 2, 9]},
			"faces": {
				"north": {"uv": [12, 5, 13, 6], "texture": "#4"},
				"east": {"uv": [13, 4, 14, 5], "texture": "#4"},
				"south": {"uv": [13, 4, 14, 5], "texture": "#4"},
				"west": {"uv": [13, 4, 14, 5], "texture": "#4"},
				"up": {"uv": [13, 4, 14, 5], "texture": "#4"},
				"down": {"uv": [13, 4, 14, 5], "texture": "#4"}
			}
		},
		{
			"name": "bow14",
			"from": [12.2, 12.2, 10.5],
			"to": [13, 13, 10.9],
			"rotation": {"angle": 45, "axis": "z", "origin": [12, 2, 9]},
			"faces": {
				"north": {"uv": [11, 6, 11.999, 6.999], "texture": "#4"},
				"east": {"uv": [13, 4, 14, 5], "texture": "#4"},
				"south": {"uv": [13, 4, 14, 5], "texture": "#4"},
				"west": {"uv": [13, 4, 14, 5], "texture": "#4"},
				"up": {"uv": [13, 4, 14, 5], "texture": "#4"},
				"down": {"uv": [13, 4, 14, 5], "texture": "#4"}
			}
		},
		{
			"name": "bow15",
			"from": [13, 11.4, 10.5],
			"to": [13.8, 12.2, 10.9],
			"rotation": {"angle": 45, "axis": "z", "origin": [12, 2, 9]},
			"faces": {
				"north": {"uv": [10, 7, 11, 8], "texture": "#4"},
				"east": {"uv": [13, 4, 14, 5], "texture": "#4"},
				"south": {"uv": [13, 4, 14, 5], "texture": "#4"},
				"west": {"uv": [13, 4, 14, 5], "texture": "#4"},
				"up": {"uv": [13, 4, 14, 5], "texture": "#4"},
				"down": {"uv": [13, 4, 14, 5], "texture": "#4"}
			}
		},
		{
			"name": "bow16",
			"from": [13.8, 10.6, 10.5],
			"to": [14.6, 11.4, 10.9],
			"rotation": {"angle": 45, "axis": "z", "origin": [12, 2, 9]},
			"faces": {
				"north": {"uv": [9, 8, 9.999, 8.999], "texture": "#4"},
				"east": {"uv": [13, 4, 14, 5], "texture": "#4"},
				"south": {"uv": [13, 4, 14, 5], "texture": "#4"},
				"west": {"uv": [13, 4, 14, 5], "texture": "#4"},
				"up": {"uv": [13, 4, 14, 5], "texture": "#4"},
				"down": {"uv": [13, 4, 14, 5], "texture": "#4"}
			}
		},
		{
			"name": "bow17",
			"from": [14.6, 9.8, 10.5],
			"to": [15.4, 10.6, 10.9],
			"rotation": {"angle": 45, "axis": "z", "origin": [12, 2, 9]},
			"faces": {
				"north": {"uv": [8, 9, 8.999, 9.999], "texture": "#4"},
				"east": {"uv": [13, 4, 14, 5], "texture": "#4"},
				"south": {"uv": [13, 4, 14, 5], "texture": "#4"},
				"west": {"uv": [13, 4, 14, 5], "texture": "#4"},
				"up": {"uv": [13, 4, 14, 5], "texture": "#4"},
				"down": {"uv": [13, 4, 14, 5], "texture": "#4"}
			}
		},
		{
			"name": "bow18",
			"from": [15.4, 9, 10.5],
			"to": [16.2, 9.8, 10.9],
			"rotation": {"angle": 45, "axis": "z", "origin": [12, 2, 9]},
			"faces": {
				"north": {"uv": [7, 10, 8, 11], "texture": "#4"},
				"east": {"uv": [13, 4, 14, 5], "texture": "#4"},
				"south": {"uv": [13, 4, 14, 5], "texture": "#4"},
				"west": {"uv": [13, 4, 14, 5], "texture": "#4"},
				"up": {"uv": [13, 4, 14, 5], "texture": "#4"},
				"down": {"uv": [13, 4, 14, 5], "texture": "#4"}
			}
		},
		{
			"name": "bow19",
			"from": [16.2, 8.2, 10.5],
			"to": [17, 9, 10.9],
			"rotation": {"angle": 45, "axis": "z", "origin": [12, 2, 9]},
			"faces": {
				"north": {"uv": [6, 11, 6.999, 11.999], "texture": "#4"},
				"east": {"uv": [13, 4, 14, 5], "texture": "#4"},
				"south": {"uv": [13, 4, 14, 5], "texture": "#4"},
				"west": {"uv": [13, 4, 14, 5], "texture": "#4"},
				"up": {"uv": [13, 4, 14, 5], "texture": "#4"},
				"down": {"uv": [13, 4, 14, 5], "texture": "#4"}
			}
		},
		{
			"name": "bow20",
			"from": [17, 7.4, 10.5],
			"to": [17.8, 8.2, 10.9],
			"rotation": {"angle": 45, "axis": "z", "origin": [12, 2, 9]},
			"faces": {
				"north": {"uv": [5, 12, 6, 13], "texture": "#4"},
				"east": {"uv": [13, 4, 14, 5], "texture": "#4"},
				"south": {"uv": [13, 4, 14, 5], "texture": "#4"},
				"west": {"uv": [13, 4, 14, 5], "texture": "#4"},
				"up": {"uv": [13, 4, 14, 5], "texture": "#4"},
				"down": {"uv": [13, 4, 14, 5], "texture": "#4"}
			}
		},
		{
			"name": "bow21",
			"from": [17.8, 6.6, 10.5],
			"to": [18.4, 7.4, 10.9],
			"rotation": {"angle": 45, "axis": "z", "origin": [12, 2, 9]},
			"faces": {
				"north": {"uv": [4, 13, 4.999, 13.999], "texture": "#4"},
				"east": {"uv": [13, 4, 14, 5], "texture": "#4"},
				"south": {"uv": [13, 4, 14, 5], "texture": "#4"},
				"west": {"uv": [13, 4, 14, 5], "texture": "#4"},
				"up": {"uv": [13, 4, 14, 5], "texture": "#4"},
				"down": {"uv": [13, 4, 14, 5], "texture": "#4"}
			}
		},
		{
			"name": "bow22",
			"from": [17, 17.6, 10.5],
			"to": [17.8, 18.4, 10.9],
			"rotation": {"angle": 45, "axis": "z", "origin": [10, 8, 9]},
			"faces": {
				"north": {"uv": [4, 5, 5, 6], "texture": "#4"},
				"east": {"uv": [4, 5, 5, 6], "texture": "#4"},
				"south": {"uv": [4, 5, 5, 6], "texture": "#4"},
				"up": {"uv": [4, 5, 5, 6], "texture": "#4"}
			}
		},
		{
			"name": "bow23",
			"from": [16.2, 17.6, 10.5],
			"to": [17, 19.2, 10.9],
			"rotation": {"angle": 45, "axis": "z", "origin": [10, 8, 9]},
			"faces": {
				"north": {"uv": [5, 4, 6, 6], "texture": "#4"},
				"east": {"uv": [5, 4, 6, 6], "texture": "#4"},
				"south": {"uv": [5, 4, 6, 6], "texture": "#4"},
				"up": {"uv": [4, 5, 5, 6], "texture": "#4"}
			}
		},
		{
			"name": "bow24",
			"from": [14.6, 17.6, 10.5],
			"to": [16.2, 20, 10.9],
			"rotation": {"angle": 45, "axis": "z", "origin": [10, 8, 9]},
			"faces": {
				"north": {"uv": [6, 3, 8, 6], "texture": "#4"},
				"east": {"uv": [4, 5, 5, 6], "texture": "#4"},
				"south": {"uv": [6, 3, 8, 6], "texture": "#4"},
				"west": {"uv": [7, 3, 8, 6], "texture": "#4"},
				"up": {"uv": [4, 5, 5, 6], "texture": "#4"},
				"down": {"uv": [4, 5, 5, 6], "texture": "#4"}
			}
		},
		{
			"name": "bow25",
			"from": [12.2, 18.4, 10.5],
			"to": [14.6, 20.8, 10.9],
			"rotation": {"angle": 45, "axis": "z", "origin": [10, 8, 9]},
			"faces": {
				"north": {"uv": [8, 2, 11, 5], "texture": "#4"},
				"east": {"uv": [4, 5, 5, 6], "texture": "#4"},
				"south": {"uv": [8, 2, 11, 5], "texture": "#4"},
				"west": {"uv": [10, 2, 11, 5], "texture": "#4"},
				"up": {"uv": [4, 5, 5, 6], "texture": "#4"},
				"down": {"uv": [4, 5, 5, 6], "texture": "#4"}
			}
		},
		{
			"name": "bow26",
			"from": [9.4, 19.2, 10.5],
			"to": [12.2, 21.6, 10.9],
			"rotation": {"angle": 45, "axis": "z", "origin": [10, 8, 9]},
			"faces": {
				"north": {"uv": [11, 1, 15, 4], "texture": "#4"},
				"east": {"uv": [4, 5, 5, 6], "texture": "#4"},
				"south": {"uv": [11, 1, 15, 4], "texture": "#4"},
				"west": {"uv": [14, 1, 15, 4], "texture": "#4"},
				"up": {"uv": [4, 5, 5, 6], "texture": "#4"},
				"down": {"uv": [4, 5, 5, 6], "texture": "#4"}
			}
		},
		{
			"name": "bow27",
			"from": [9.2, 21.4, 10.5],
			"to": [10, 22.2, 10.9],
			"rotation": {"angle": 45, "axis": "z", "origin": [12, 8, 9]},
			"faces": {
				"north": {"uv": [15, 2, 16, 3], "texture": "#4"},
				"south": {"uv": [4, 5, 5, 6], "texture": "#4"},
				"west": {"uv": [4, 5, 5, 6], "texture": "#4"},
				"up": {"uv": [4, 5, 5, 6], "texture": "#4"},
				"down": {"uv": [4, 5, 5, 6], "texture": "#4"}
			}
		},
		{
			"name": "bow28",
			"from": [7.8, 15.2, 10.5],
			"to": [8.6, 16, 10.9],
			"rotation": {"angle": -45, "axis": "z", "origin": [12, 8, 9]},
			"faces": {
				"north": {"uv": [4, 5, 5, 6], "texture": "#4"},
				"east": {"uv": [4, 5, 5, 6], "texture": "#4"},
				"south": {"uv": [15, 2, 16, 3], "texture": "#4"},
				"up": {"uv": [4, 5, 5, 6], "rotation": 180, "texture": "#4"},
				"down": {"uv": [4, 5, 5, 6], "rotation": 180, "texture": "#4"}
			}
		},
		{
			"name": "bow29",
			"from": [5, 14.4, 10.5],
			"to": [7.8, 16.8, 10.9],
			"rotation": {"angle": -45, "axis": "z", "origin": [12, 8, 9]},
			"faces": {
				"north": {"uv": [11, 1, 15, 4], "texture": "#4"},
				"east": {"uv": [14, 1, 15, 4], "texture": "#4"},
				"south": {"uv": [11, 1, 15, 4], "texture": "#4"},
				"west": {"uv": [4, 5, 5, 6], "texture": "#4"},
				"up": {"uv": [4, 5, 5, 6], "rotation": 180, "texture": "#4"},
				"down": {"uv": [4, 5, 5, 6], "rotation": 180, "texture": "#4"}
			}
		},
		{
			"name": "bow30",
			"from": [2.6, 13.6, 10.5],
			"to": [5, 16, 10.9],
			"rotation": {"angle": -45, "axis": "z", "origin": [12, 8, 9]},
			"faces": {
				"north": {"uv": [8, 2, 11, 5], "texture": "#4"},
				"east": {"uv": [10, 2, 11, 5], "texture": "#4"},
				"south": {"uv": [8, 2, 11, 5], "texture": "#4"},
				"west": {"uv": [4, 5, 5, 6], "texture": "#4"},
				"up": {"uv": [4, 5, 5, 6], "rotation": 180, "texture": "#4"},
				"down": {"uv": [4, 5, 5, 6], "rotation": 180, "texture": "#4"}
			}
		},
		{
			"name": "bow31",
			"from": [0.4, 14.2, 10.5],
			"to": [2, 16.6, 10.9],
			"rotation": {"angle": -45, "axis": "z", "origin": [10, 8, 9]},
			"faces": {
				"north": {"uv": [3, 6, 6, 8], "rotation": 90, "texture": "#4"},
				"east": {"uv": [7, 3, 8, 6], "texture": "#4"},
				"south": {"uv": [6, 3, 8, 6], "texture": "#4"},
				"west": {"uv": [4, 5, 5, 6], "texture": "#4"},
				"up": {"uv": [4, 5, 5, 6], "rotation": 180, "texture": "#4"},
				"down": {"uv": [4, 5, 5, 6], "rotation": 180, "texture": "#4"}
			}
		},
		{
			"name": "bow32",
			"from": [15.4, 16.8, 10.5],
			"to": [16.2, 17.6, 10.9],
			"rotation": {"angle": 45, "axis": "z", "origin": [10, 8, 9]},
			"faces": {
				"north": {"uv": [6, 6, 7, 7], "texture": "#4"},
				"east": {"uv": [6, 6, 7, 7], "texture": "#4"},
				"south": {"uv": [6, 6, 7, 7], "texture": "#4"},
				"down": {"uv": [6, 6, 7, 7], "texture": "#4"}
			}
		},
		{
			"name": "bow33",
			"from": [10.6, 19.8, 10.5],
			"to": [11.4, 20.6, 10.9],
			"rotation": {"angle": 45, "axis": "z", "origin": [12, 8, 9]},
			"faces": {
				"north": {"uv": [13, 4, 14, 5], "texture": "#4"},
				"east": {"uv": [13, 4, 14, 5], "texture": "#4"},
				"south": {"uv": [13, 4, 14, 5], "texture": "#4"},
				"west": {"uv": [13, 4, 14, 5], "texture": "#4"},
				"up": {"uv": [13, 4, 14, 5], "texture": "#4"},
				"down": {"uv": [13, 4, 14, 5], "texture": "#4"}
			}
		},
		{
			"name": "bow34",
			"from": [11.4, 19, 10.5],
			"to": [12.2, 19.8, 10.9],
			"rotation": {"angle": 45, "axis": "z", "origin": [12, 8, 9]},
			"faces": {
				"north": {"uv": [12, 5, 13, 6], "texture": "#4"},
				"east": {"uv": [13, 4, 14, 5], "texture": "#4"},
				"south": {"uv": [13, 4, 14, 5], "texture": "#4"},
				"west": {"uv": [13, 4, 14, 5], "texture": "#4"},
				"up": {"uv": [13, 4, 14, 5], "texture": "#4"},
				"down": {"uv": [13, 4, 14, 5], "texture": "#4"}
			}
		},
		{
			"name": "bow35",
			"from": [12.2, 18.2, 10.5],
			"to": [13, 19, 10.9],
			"rotation": {"angle": 45, "axis": "z", "origin": [12, 8, 9]},
			"faces": {
				"north": {"uv": [11, 6, 11.999, 6.999], "texture": "#4"},
				"east": {"uv": [13, 4, 14, 5], "texture": "#4"},
				"south": {"uv": [13, 4, 14, 5], "texture": "#4"},
				"west": {"uv": [13, 4, 14, 5], "texture": "#4"},
				"up": {"uv": [13, 4, 14, 5], "texture": "#4"},
				"down": {"uv": [13, 4, 14, 5], "texture": "#4"}
			}
		},
		{
			"name": "bow36",
			"from": [13, 17.4, 10.5],
			"to": [13.8, 18.2, 10.9],
			"rotation": {"angle": 45, "axis": "z", "origin": [12, 8, 9]},
			"faces": {
				"north": {"uv": [10, 7, 11, 8], "texture": "#4"},
				"east": {"uv": [13, 4, 14, 5], "texture": "#4"},
				"south": {"uv": [13, 4, 14, 5], "texture": "#4"},
				"west": {"uv": [13, 4, 14, 5], "texture": "#4"},
				"up": {"uv": [13, 4, 14, 5], "texture": "#4"},
				"down": {"uv": [13, 4, 14, 5], "texture": "#4"}
			}
		},
		{
			"name": "bow37",
			"from": [13.8, 16.6, 10.5],
			"to": [14.6, 17.4, 10.9],
			"rotation": {"angle": 45, "axis": "z", "origin": [12, 8, 9]},
			"faces": {
				"north": {"uv": [9, 8, 9.999, 8.999], "texture": "#4"},
				"east": {"uv": [13, 4, 14, 5], "texture": "#4"},
				"south": {"uv": [13, 4, 14, 5], "texture": "#4"},
				"west": {"uv": [13, 4, 14, 5], "texture": "#4"},
				"up": {"uv": [13, 4, 14, 5], "texture": "#4"},
				"down": {"uv": [13, 4, 14, 5], "texture": "#4"}
			}
		},
		{
			"name": "bow38",
			"from": [14.6, 15.8, 10.5],
			"to": [15.4, 16.6, 10.9],
			"rotation": {"angle": 45, "axis": "z", "origin": [12, 8, 9]},
			"faces": {
				"north": {"uv": [8, 9, 8.999, 9.999], "texture": "#4"},
				"east": {"uv": [13, 4, 14, 5], "texture": "#4"},
				"south": {"uv": [13, 4, 14, 5], "texture": "#4"},
				"west": {"uv": [13, 4, 14, 5], "texture": "#4"},
				"up": {"uv": [13, 4, 14, 5], "texture": "#4"},
				"down": {"uv": [13, 4, 14, 5], "texture": "#4"}
			}
		},
		{
			"name": "bow39",
			"from": [15.4, 15, 10.5],
			"to": [16.2, 15.8, 10.9],
			"rotation": {"angle": 45, "axis": "z", "origin": [12, 8, 9]},
			"faces": {
				"north": {"uv": [7, 10, 8, 11], "texture": "#4"},
				"east": {"uv": [13, 4, 14, 5], "texture": "#4"},
				"south": {"uv": [13, 4, 14, 5], "texture": "#4"},
				"west": {"uv": [13, 4, 14, 5], "texture": "#4"},
				"up": {"uv": [13, 4, 14, 5], "texture": "#4"},
				"down": {"uv": [13, 4, 14, 5], "texture": "#4"}
			}
		},
		{
			"name": "bow40",
			"from": [16.2, 14.2, 10.5],
			"to": [17, 15, 10.9],
			"rotation": {"angle": 45, "axis": "z", "origin": [12, 8, 9]},
			"faces": {
				"north": {"uv": [6, 11, 6.999, 11.999], "texture": "#4"},
				"east": {"uv": [13, 4, 14, 5], "texture": "#4"},
				"south": {"uv": [13, 4, 14, 5], "texture": "#4"},
				"west": {"uv": [13, 4, 14, 5], "texture": "#4"},
				"up": {"uv": [13, 4, 14, 5], "texture": "#4"},
				"down": {"uv": [13, 4, 14, 5], "texture": "#4"}
			}
		},
		{
			"name": "bow41",
			"from": [17, 13.4, 10.5],
			"to": [17.8, 14.2, 10.9],
			"rotation": {"angle": 45, "axis": "z", "origin": [12, 8, 9]},
			"faces": {
				"north": {"uv": [5, 12, 6, 13], "texture": "#4"},
				"east": {"uv": [13, 4, 14, 5], "texture": "#4"},
				"south": {"uv": [13, 4, 14, 5], "texture": "#4"},
				"west": {"uv": [13, 4, 14, 5], "texture": "#4"},
				"up": {"uv": [13, 4, 14, 5], "texture": "#4"},
				"down": {"uv": [13, 4, 14, 5], "texture": "#4"}
			}
		},
		{
			"name": "bow42",
			"from": [17.8, 12.6, 10.5],
			"to": [18.4, 13.4, 10.9],
			"rotation": {"angle": 45, "axis": "z", "origin": [12, 8, 9]},
			"faces": {
				"north": {"uv": [4, 13, 4.999, 13.999], "texture": "#4"},
				"east": {"uv": [13, 4, 14, 5], "texture": "#4"},
				"south": {"uv": [13, 4, 14, 5], "texture": "#4"},
				"west": {"uv": [13, 4, 14, 5], "texture": "#4"},
				"up": {"uv": [13, 4, 14, 5], "texture": "#4"},
				"down": {"uv": [13, 4, 14, 5], "texture": "#4"}
			}
		}
	],
	"groups": [0, 1, 2, 3, 4, 5, 6,
		{
			"name": "Bows",
			"origin": [12, 8, 9],
			"children": [7, 8, 9, 10, 11, 12, 13, 14, 15, 16, 17, 18, 19, 20, 21, 22, 23, 24, 25, 26, 27, 28, 29, 30, 31, 32, 33, 34, 35, 36, 37, 38, 39, 40, 41, 42, 43, 44, 45, 46]
		},
		{
			"name": "Arrows",
			"origin": [8, 8, 8],
			"children": [47, 48, 49, 50, 51, 52, 53, 54, 55, 56, 57, 58]
		}
	]
}