{
	"credit": "Made with Blockbench",
	"ambientocclusion": false,
	"textures": {
		"0": "block/oak_log",
		"1": "block/oak_log_top",
		"2": "block/oak_planks",
		"3": "entity/chest/normal",
		"4": "minecolonies:blocks/plate",
		"particle": "block/oak_log"
	},
	"elements": [
		{
			"name": "platform",
			"from": [1, 1, 1],
			"to": [15, 2, 15],
			"faces": {
				"north": {"uv": [1, 7, 15, 8], "texture": "#2"},
				"east": {"uv": [1, 3, 15, 4], "texture": "#2"},
				"south": {"uv": [1, 11, 15, 12], "texture": "#2"},
				"west": {"uv": [1, 15, 15, 16], "texture": "#2"},
				"up": {"uv": [1, 1, 15, 15], "texture": "#2"},
				"down": {"uv": [1, 1, 15, 15], "texture": "#2"}
			}
		},
		{
			"name": "posttr",
			"from": [14, 0, 0],
			"to": [16, 16, 2],
			"faces": {
				"north": {"uv": [0, 0, 2, 16], "texture": "#0"},
				"east": {"uv": [14, 0, 16, 16], "texture": "#0"},
				"south": {"uv": [14, 0, 16, 16], "texture": "#0"},
				"west": {"uv": [0, 0, 2, 16], "texture": "#0"},
				"up": {"uv": [0, 0, 16, 16], "texture": "#1"},
				"down": {"uv": [0, 0, 16, 16], "texture": "#1"}
			}
		},
		{
			"name": "postbl",
			"from": [0, 0, 14],
			"to": [2, 16, 16],
			"faces": {
				"north": {"uv": [14, 0, 16, 16], "texture": "#0"},
				"east": {"uv": [0, 0, 2, 16], "texture": "#0"},
				"south": {"uv": [0, 0, 2, 16], "texture": "#0"},
				"west": {"uv": [14, 0, 16, 16], "texture": "#0"},
				"up": {"uv": [0, 0, 16, 16], "texture": "#1"},
				"down": {"uv": [0, 0, 16, 16], "texture": "#1"}
			}
		},
		{
			"name": "postbr",
			"from": [14, 0, 14],
			"to": [16, 16, 16],
			"faces": {
				"north": {"uv": [9, 0, 11, 16], "texture": "#0"},
				"east": {"uv": [0, 0, 2, 16], "texture": "#0"},
				"south": {"uv": [14, 0, 16, 16], "texture": "#0"},
				"west": {"uv": [14, 0, 16, 16], "texture": "#0"},
				"up": {"uv": [0, 0, 16, 16], "texture": "#1"},
				"down": {"uv": [0, 0, 16, 16], "texture": "#1"}
			}
		},
		{
			"name": "plate",
			"from": [4, 0, 0.75],
			"to": [12, 2, 1],
			"faces": {
				"north": {"uv": [0, 8, 8, 10], "texture": "#4"},
				"east": {"uv": [0, 8, 8, 10], "texture": "#4"},
				"south": {"uv": [0, 8, 8, 10], "texture": "#4"},
				"west": {"uv": [0, 8, 2, 10], "texture": "#4"},
				"up": {"uv": [6, 8, 8, 10], "texture": "#4"},
				"down": {"uv": [0, 8, 8, 10], "texture": "#4"}
			}
		},
		{
			"name": "posttl",
			"from": [0, 0, 0],
			"to": [2, 16, 2],
			"faces": {
				"north": {"uv": [14, 0, 16, 16], "texture": "#0"},
				"east": {"uv": [14, 0, 16, 16], "texture": "#0"},
				"south": {"uv": [0, 0, 2, 16], "texture": "#0"},
				"west": {"uv": [0, 0, 2, 16], "texture": "#0"},
				"up": {"uv": [0, 0, 16, 16], "texture": "#1"},
				"down": {"uv": [0, 0, 16, 16], "texture": "#1"}
			}
		},
		{
			"name": "chestt",
			"from": [2, 2, 2],
			"to": [14, 10, 14],
			"faces": {
				"north": {"uv": [10.5, 8.25, 14, 10.5], "rotation": 180, "texture": "#3"},
				"east": {"uv": [7, 8.5, 10.5, 10.75], "texture": "#3"},
				"south": {"uv": [3.5, 8.5, 7, 10.75], "texture": "#3"},
				"west": {"uv": [0, 8.5, 3.5, 10.75], "texture": "#3"}
			}
		},
		{
			"name": "chestb",
			"from": [2, 10, 2],
			"to": [14, 14, 14],
			"faces": {
				"north": {"uv": [10.5, 3.5, 14, 4.75], "rotation": 180, "texture": "#3"},
				"east": {"uv": [7, 3.5, 10.5, 4.75], "texture": "#3"},
				"south": {"uv": [3.5, 3.5, 7, 4.75], "texture": "#3"},
				"west": {"uv": [0, 3.5, 3.5, 4.75], "texture": "#3"},
				"up": {"uv": [7, 0, 10.5, 3.5], "texture": "#3"}
			}
		},
		{
			"name": "latch",
			"from": [7.15, 8.2, 1.25],
			"to": [8.85, 11.6, 2.25],
			"faces": {
				"north": {"uv": [1, 0.25, 1.5, 1.25], "texture": "#3"},
				"east": {"uv": [0.75, 0.25, 1, 1.25], "texture": "#3"},
				"west": {"uv": [0, 0.25, 0.25, 1.25], "texture": "#3"},
				"up": {"uv": [0.75, 0, 1.25, 0.25], "texture": "#3"},
				"down": {"uv": [0.25, 0, 0.75, 0.25], "texture": "#3"}
			}
		}
	],
	"groups": [
		{
			"name": "shelf",
			"origin": [8, 8, 8],
			"children": [0, 1, 2, 3, 4, 5,
				{
					"name": "chest",
					"origin": [8, 8, 8],
					"children": [6, 7, 8]
				}
			]
		}
	]
}