{
	"credit": "Made with Blockbench",
	"ambientocclusion": false,
	"textures": {
		"0": "minecolonies:blocks/warehouse/booktexture",
		"9": "block/cobblestone",
		"10": "minecolonies:blocks/warehouse/paper",
		"13": "block/dirt",
		"16": "block/sand",
		"17": "block/glass",
		"2_0": "minecolonies:blocks/warehouse/blockhutwarehousefrontback",
		"2_1": "minecolonies:blocks/warehouse/blockhutwarehouseside",
		"particle": "minecolonies:blocks/warehouse/blockhutwarehousetop",
		"2_2": "minecolonies:blocks/warehouse/blockhutwarehousetop",
		"2_3": "minecolonies:blocks/warehouse/blockhutwarehousebottom",
		"1_0": "entity/chest/normal"
	},
	"elements": [
		{
			"name": "top",
			"from": [0, 15, 0],
			"to": [16, 16, 16],
			"faces": {
				"north": {"uv": [0, 0, 16, 1], "texture": "#2_0"},
				"east": {"uv": [0, 0, 16, 1], "texture": "#2_1"},
				"south": {"uv": [0, 0, 16, 1], "texture": "#2_0"},
				"west": {"uv": [0, 0, 16, 1], "texture": "#2_1"},
				"up": {"uv": [0, 0, 16, 16], "texture": "#2_2"},
				"down": {"uv": [0, 0, 16, 16], "texture": "#2_3"}
			}
		},
		{
			"name": "under top",
			"from": [0, 13, 0],
			"to": [16, 15, 15],
			"faces": {
				"north": {"uv": [0, 2, 16, 4], "texture": "#2_0"},
				"east": {"uv": [0, 2, 16, 4], "texture": "#2_0"},
				"south": {"uv": [0, 2, 16, 4], "texture": "#2_0"},
				"west": {"uv": [0, 2, 16, 3.999], "texture": "#2_0"},
				"down": {"uv": [0, 0, 16, 16], "texture": "#2_2"}
			}
		},
		{
			"name": "left side",
			"from": [0, 0, 2],
			"to": [2, 13, 14],
			"faces": {
				"north": {"uv": [14, 4, 16, 16], "texture": "#2_0"},
				"east": {"uv": [2, 4, 14, 16], "texture": "#2_1"},
				"south": {"uv": [0, 4, 2, 16], "texture": "#2_0"},
				"west": {"uv": [2, 4, 14, 16], "texture": "#2_1"},
				"down": {"uv": [0, 2, 2, 14], "texture": "#2_3"}
			}
		},
		{
			"name": "right side",
			"from": [14, 0, 2],
			"to": [16, 13, 14],
			"faces": {
				"north": {"uv": [0, 4, 2, 16], "texture": "#2_0"},
				"east": {"uv": [2, 4, 14, 16], "texture": "#2_1"},
				"south": {"uv": [14, 4, 16, 16], "texture": "#2_0"},
				"west": {"uv": [2, 4, 14, 16], "texture": "#2_1"},
				"down": {"uv": [14, 2, 16, 14], "texture": "#2_3"}
			}
		},
		{
			"name": "back",
			"from": [2, 0, 13],
			"to": [14, 13, 14],
			"faces": {
				"north": {"uv": [2, 4, 14, 16], "texture": "#2_0"},
				"south": {"uv": [2, 4, 14, 16], "texture": "#2_0"},
				"down": {"uv": [2, 12, 14, 13], "texture": "#2_3"}
			}
		},
		{
			"name": "spine",
			"from": [7.8, 16, 2],
			"to": [8.3, 17, 14],
			"faces": {
				"north": {"uv": [14.5, 2, 16, 4], "rotation": 90, "texture": "#0"},
				"south": {"uv": [0, 2, 1.5, 4], "rotation": 90, "texture": "#0"},
				"up": {"uv": [0, 2, 16, 4], "rotation": 90, "texture": "#0"}
			}
		},
		{
			"name": "cover",
			"from": [0.8, 16, 2],
			"to": [7.8, 17, 14],
			"faces": {
				"north": {"uv": [8, 2.25, 16, 3.75], "texture": "#0"},
				"south": {"uv": [8, 2, 16, 4], "texture": "#0"},
				"west": {"uv": [0, 2, 16, 4], "texture": "#0"},
				"up": {"uv": [8, 4, 16, 16], "texture": "#0"}
			}
		},
		{
			"name": "cover2",
			"from": [8.3, 16, 2],
			"to": [15.3, 17, 14],
			"faces": {
				"north": {"uv": [16, 2.25, 8, 3.75], "texture": "#0"},
				"east": {"uv": [16, 2.25, 0, 3.75], "rotation": 180, "texture": "#0"},
				"south": {"uv": [16, 2, 8, 4], "texture": "#0"},
				"up": {"uv": [16, 4, 8, 16], "rotation": 180, "texture": "#0"}
			}
		},
		{
			"name": "page",
			"from": [8.1, 17.01, 2],
			"to": [15.1, 17.01, 14],
			"faces": {
				"up": {"uv": [8, 4, 0, 16], "rotation": 180, "texture": "#10"},
				"down": {"uv": [8, 4, 0, 16], "rotation": 180, "texture": "#10"}
			}
		},
		{
			"name": "page2",
			"from": [1.1, 17.01, 2],
			"to": [8.1, 17.01, 14],
			"faces": {
				"up": {"uv": [8, 4, 0, 16], "rotation": 180, "texture": "#0"},
				"down": {"uv": [8, 4, 0, 16], "rotation": 180, "texture": "#0"}
			}
		},
		{
			"name": "ChestLid",
			"from": [4, 6, 7],
			"to": [12, 14, 10],
			"rotation": {"angle": -22.5, "axis": "x", "origin": [7, 8, 11]},
			"faces": {
				"north": {"uv": [3.5, 0, 7, 3.5], "rotation": 180, "texture": "#1_0"},
				"east": {"uv": [0, 3.5, 3.5, 4.75], "rotation": 270, "texture": "#1_0"},
				"south": {"uv": [3.5, 0, 7, 3.375], "texture": "#1_0"},
				"west": {"uv": [0, 3.5, 3.5, 4.75], "rotation": 90, "texture": "#1_0"},
				"up": {"uv": [10.5, 3.5, 14, 4.75], "texture": "#1_0"},
				"down": {"uv": [0, 3.5, 3.5, 4.75], "texture": "#1_0"}
			}
		},
		{
			"name": "ChestLatch",
			"from": [7.4, 14, 5.7],
			"to": [8.6, 14.5, 8.2],
			"rotation": {"angle": -22.5, "axis": "x", "origin": [7, 8, 11]},
			"faces": {
				"north": {"uv": [0.25, 0, 0.75, 0.25], "rotation": 180, "texture": "#1_0"},
				"east": {"uv": [0.75, 0.25, 1, 1.25], "rotation": 270, "texture": "#1_0"},
				"south": {"uv": [0.75, 0, 1.25, 0.25], "rotation": 180, "texture": "#1_0"},
				"west": {"uv": [0, 0.25, 0.25, 1.25], "rotation": 90, "texture": "#1_0"},
				"up": {"uv": [1, 0.25, 1.5, 1.25], "rotation": 180, "texture": "#1_0"},
				"down": {"uv": [0.25, 0.25, 0.75, 1.25], "texture": "#1_0"}
			}
		},
		{
			"name": "ChestBottom",
			"from": [4, 0, 0],
			"to": [12, 5, 8],
			"faces": {
				"north": {"uv": [10.5, 8.25, 14, 10.75], "rotation": 180, "texture": "#1_0"},
				"east": {"uv": [0, 8.25, 3.5, 10.75], "texture": "#1_0"},
				"south": {"uv": [0, 8.25, 3.5, 10.75], "texture": "#1_0"},
				"west": {"uv": [0, 8.25, 3.5, 10.75], "texture": "#1_0"},
				"up": {"uv": [7, 4.75, 10.5, 8.25], "rotation": 180, "texture": "#1_0"},
				"down": {"uv": [3.5, 4.75, 7, 8.25], "texture": "#1_0"}
			}
		},
		{
			"name": "Cobblestone",
			"from": [8, 3, 4],
			"to": [11, 6, 7],
			"faces": {
				"east": {"uv": [0, 0, 16, 16], "texture": "#9"},
				"south": {"uv": [0, 0, 8, 8], "texture": "#9"},
				"up": {"uv": [0, 0, 16, 16], "rotation": 270, "texture": "#9"}
			}
		},
		{
			"name": "Sand",
			"from": [8, 5, 1],
			"to": [11, 6, 4],
			"faces": {
				"north": {"uv": [0, 0, 16, 16], "texture": "#16"},
				"east": {"uv": [0, 0, 16, 16], "texture": "#16"},
				"south": {"uv": [0, 0, 16, 16], "texture": "#16"},
				"west": {"uv": [0, 0, 16, 16], "texture": "#16"},
				"up": {"uv": [0, 0, 16, 16], "texture": "#16"}
			}
		},
		{
			"name": "Dirt",
			"from": [5, 3, 4],
			"to": [8, 6, 7],
			"faces": {
				"north": {"uv": [0, 0, 16, 16], "texture": "#13"},
				"east": {"uv": [0, 0, 16, 16], "texture": "#13"},
				"south": {"uv": [0, 0, 16, 16], "texture": "#13"},
				"west": {"uv": [0, 0, 16, 16], "texture": "#13"},
				"up": {"uv": [0, 0, 16, 16], "texture": "#13"}
			}
		},
		{
			"name": "Glass",
			"from": [5, 3, 1],
			"to": [8, 6, 4],
			"faces": {
				"north": {"uv": [0, 0, 16, 16], "texture": "#17"},
				"west": {"uv": [0, 0, 16, 16], "texture": "#17"},
				"up": {"uv": [0, 0, 16, 16], "texture": "#17"},
				"down": {"uv": [0, 0, 16, 16], "texture": "#17"}
			}
		},
		{
			"name": "bookmark",
			"from": [6.9, 15.04, 9.01],
			"to": [7.9, 17.04, 14.01],
			"faces": {
				"north": {"uv": [7.75, 1.5, 0, 0], "rotation": 90, "texture": "#0"},
				"east": {"uv": [1.25, 2, 0, 0], "rotation": 90, "texture": "#0"},
				"south": {"uv": [11.75, 2, 8, 0], "rotation": 90, "texture": "#0"},
				"west": {"uv": [8, 2, 0, 0], "rotation": 90, "texture": "#0"},
				"up": {"uv": [16, 2, 8, 0], "rotation": 90, "texture": "#0"},
				"down": {"uv": [16, 2, 8, 0], "rotation": 90, "texture": "#0"}
			}
		}
	],
	"groups": [
		{
			"name": "blockhuttownhall",
			"origin": [8, 8, 8],
			"children": [0, 1, 2, 3, 4,
				{
					"name": "book",
					"origin": [8, 8, 8],
					"children": [5, 6, 7, 8, 9]
				}
			]
		},
		{
			"name": "chest_vanilla_large",
			"origin": [8, 8, 8],
			"children": [
				{
					"name": "ChestOpen",
					"origin": [8, 8, 8],
					"children": [10, 11, 12,
						{
							"name": "Blocks",
							"origin": [8, 8, 8],
							"children": [13, 14, 15]
						}
					]
				}
			]
		}, 16, 17]
}