{
	"credit": "Made with Blockbench",
	"ambientocclusion": false,
	"textures": {
		"1": "item/iron_sword",
		"2": "block/brown_concrete",
		"3": "minecolonies:blocks/map1",
		"4": "entity/chest/normal",
		"5": "block/brown_terracotta",
		"particle": "block/brown_terracotta"
	},
	"elements": [
		{
			"name": "map",
			"from": [5.5, 6.02, 1.6],
			"to": [10.5, 6.02, 6.6],
			"rotation": {"angle": 0, "axis": "y", "origin": [8.5, 8, 8]},
			"faces": {
				"up": {"uv": [0, 0, 16, 16], "rotation": 180, "texture": "#3"},
				"down": {"uv": [0, 0, 5, 5], "texture": "#3"}
			}
		},
		{
			"name": "rack 1",
			"from": [0, 0, 7],
			"to": [1, 22, 9],
			"faces": {
				"north": {"uv": [1.999, 0, 2.999, 16], "texture": "#5"},
				"east": {"uv": [1.999, 0, 3.999, 16], "texture": "#5"},
				"south": {"uv": [1.999, 0, 2.999, 16], "texture": "#5"},
				"west": {"uv": [1.999, 0, 3.999, 16], "texture": "#5"},
				"up": {"uv": [1.999, 0, 2.999, 2], "texture": "#5"},
				"down": {"uv": [1.999, 0, 2.999, 2], "texture": "#5"}
			}
		},
		{
			"name": "rack2",
			"from": [15, 0, 7],
			"to": [16, 22, 9],
			"faces": {
				"north": {"uv": [3, 0, 3.999, 16], "texture": "#5"},
				"east": {"uv": [2, 0, 4, 16], "texture": "#5"},
				"south": {"uv": [2, 0, 3, 16], "texture": "#5"},
				"west": {"uv": [2, 0, 4, 16], "texture": "#5"},
				"up": {"uv": [2, 14, 3, 16], "texture": "#5"},
				"down": {"uv": [2, 14, 3, 16], "texture": "#5"}
			}
		},
		{
			"name": "rack3",
			"from": [15, -3, 8],
			"to": [16, 7, 9],
			"rotation": {"angle": 45, "axis": "x", "origin": [8, 8, 8]},
			"faces": {
				"north": {"uv": [2, 4, 3, 14], "texture": "#5"},
				"east": {"uv": [2, 6, 3, 16], "texture": "#5"},
				"south": {"uv": [2, 6, 3, 16], "texture": "#5"},
				"west": {"uv": [2, 6, 3, 16], "texture": "#5"},
				"down": {"uv": [2, 6, 3, 7], "texture": "#5"}
			}
		},
		{
			"name": "rack4",
			"from": [0, -3, 8],
			"to": [1, 7, 9],
			"rotation": {"angle": 45, "axis": "x", "origin": [8, 8, 8]},
			"faces": {
				"north": {"uv": [2, 4, 3, 14], "texture": "#5"},
				"east": {"uv": [2, 6, 3, 16], "texture": "#5"},
				"south": {"uv": [2, 6, 3, 16], "texture": "#5"},
				"west": {"uv": [2, 6, 3, 16], "texture": "#5"},
				"down": {"uv": [2, 6, 3, 7], "texture": "#5"}
			}
		},
		{
			"name": "rack5",
			"from": [0, 7, 9],
			"to": [1, 8, 19],
			"rotation": {"angle": 45, "axis": "x", "origin": [8, 8, 8]},
			"faces": {
				"east": {"uv": [2, 6, 3, 16], "rotation": 270, "texture": "#5"},
				"south": {"uv": [2, 14, 3, 15], "texture": "#5"},
				"west": {"uv": [2, 6, 3, 16], "rotation": 90, "texture": "#5"},
				"up": {"uv": [2, 6, 3, 16], "rotation": 180, "texture": "#5"},
				"down": {"uv": [2, 6, 3, 16], "texture": "#5"}
			}
		},
		{
			"name": "rack6",
			"from": [15, 7, 9],
			"to": [16, 8, 19],
			"rotation": {"angle": 45, "axis": "x", "origin": [8, 8, 8]},
			"faces": {
				"east": {"uv": [2, 6, 3, 16], "rotation": 270, "texture": "#5"},
				"south": {"uv": [2, 14, 3, 15], "texture": "#5"},
				"west": {"uv": [2, 6, 3, 16], "rotation": 90, "texture": "#5"},
				"up": {"uv": [2, 6, 3, 16], "rotation": 180, "texture": "#5"},
				"down": {"uv": [2, 6, 3, 16], "texture": "#5"}
			}
		},
		{
			"name": "rack7",
			"from": [1, 6, 7.9],
			"to": [15, 7, 8.9],
			"faces": {
				"north": {"uv": [2, 13, 3, 14], "texture": "#2"},
				"south": {"uv": [2, 13, 3, 14], "texture": "#2"},
				"up": {"uv": [2, 13, 3, 14], "texture": "#2"},
				"down": {"uv": [2, 13, 3, 14], "texture": "#2"}
			}
		},
		{
			"name": "rack8",
			"from": [1, 0.01, 7.9],
			"to": [15, 1.01, 8.9],
			"faces": {
				"north": {"uv": [2, 13, 3, 14], "texture": "#2"},
				"south": {"uv": [2, 13, 3, 14], "texture": "#2"},
				"up": {"uv": [2, 13, 3, 14], "texture": "#2"},
				"down": {"uv": [2, 13, 3, 14], "texture": "#2"}
			}
		},
		{
			"name": "rack9",
			"from": [1, 14, 7.9],
			"to": [15, 15, 8.9],
			"faces": {
				"north": {"uv": [2, 13, 3, 14], "texture": "#2"},
				"south": {"uv": [2, 13, 3, 14], "texture": "#2"},
				"up": {"uv": [2, 13, 3, 14], "texture": "#2"},
				"down": {"uv": [2, 13, 3, 14], "texture": "#2"}
			}
		},
		{
			"name": "rack10",
			"from": [1, 20.9, 7.9],
			"to": [15, 21.9, 8.9],
			"faces": {
				"north": {"uv": [2, 13, 3, 14], "texture": "#2"},
				"south": {"uv": [2, 13, 3, 14], "texture": "#2"},
				"up": {"uv": [2, 13, 3, 14], "texture": "#2"},
				"down": {"uv": [2, 13, 3, 14], "texture": "#2"}
			}
		},
		{
			"name": "rack11",
			"from": [12, 0, 7],
			"to": [13, 22, 9],
			"faces": {
				"north": {"uv": [3, 0, 3.999, 16], "texture": "#5"},
				"east": {"uv": [2, 0, 4, 16], "texture": "#5"},
				"south": {"uv": [2, 0, 3, 16], "texture": "#5"},
				"west": {"uv": [2, 0, 4, 16], "texture": "#5"},
				"up": {"uv": [2, 14, 3, 16], "texture": "#5"},
				"down": {"uv": [2, 14, 3, 16], "texture": "#5"}
			}
		},
		{
			"name": "rack12",
			"from": [9, 0, 7],
			"to": [10, 22, 9],
			"faces": {
				"north": {"uv": [3, 0, 3.999, 16], "texture": "#5"},
				"east": {"uv": [2, 0, 4, 16], "texture": "#5"},
				"south": {"uv": [2, 0, 3, 16], "texture": "#5"},
				"west": {"uv": [2, 0, 4, 16], "texture": "#5"},
				"up": {"uv": [2, 14, 3, 16], "texture": "#5"},
				"down": {"uv": [2, 14, 3, 16], "texture": "#5"}
			}
		},
		{
			"name": "rack13",
			"from": [6, 0, 7],
			"to": [7, 22, 9],
			"faces": {
				"north": {"uv": [3, 0, 3.999, 16], "texture": "#5"},
				"east": {"uv": [2, 0, 4, 16], "texture": "#5"},
				"south": {"uv": [2, 0, 3, 16], "texture": "#5"},
				"west": {"uv": [2, 0, 4, 16], "texture": "#5"},
				"up": {"uv": [2, 14, 3, 16], "texture": "#5"},
				"down": {"uv": [2, 14, 3, 16], "texture": "#5"}
			}
		},
		{
			"name": "rack14",
			"from": [3, 0, 7],
			"to": [4, 22, 9],
			"faces": {
				"north": {"uv": [3, 0, 3.999, 16], "texture": "#5"},
				"east": {"uv": [2, 0, 4, 16], "texture": "#5"},
				"south": {"uv": [2, 0, 3, 16], "texture": "#5"},
				"west": {"uv": [2, 0, 4, 16], "texture": "#5"},
				"up": {"uv": [2, 14, 3, 16], "texture": "#5"},
				"down": {"uv": [2, 14, 3, 16], "texture": "#5"}
			}
		},
		{
			"name": "ChestLid",
			"from": [5, 4, 1],
			"to": [11, 6, 7],
			"rotation": {"angle": 0, "axis": "y", "origin": [8.5, 8, 8]},
			"faces": {
				"north": {"uv": [10.5, 3.5, 14, 4.75], "rotation": 180, "texture": "#4"},
				"east": {"uv": [7, 3.5, 10.5, 4.75], "texture": "#4"},
				"south": {"uv": [3.5, 3.5, 7, 4.75], "texture": "#4"},
				"west": {"uv": [0, 3.5, 3.5, 4.75], "texture": "#4"},
				"up": {"uv": [7, 0, 10.5, 3.5], "texture": "#4"}
			}
		},
		{
			"name": "ChestLatch",
			"from": [7.6, 3.1, 0.5],
			"to": [8.4, 4.8, 1],
			"rotation": {"angle": 0, "axis": "y", "origin": [8.5, 8, 8]},
			"faces": {
				"north": {"uv": [1, 0.25, 1.5, 1.25], "texture": "#4"},
				"east": {"uv": [0.75, 0.25, 1, 1.249], "texture": "#4"},
				"west": {"uv": [0, 0.25, 0.25, 1.25], "texture": "#4"},
				"up": {"uv": [0.75, 0, 1.25, 0.25], "texture": "#4"},
				"down": {"uv": [0.25, 0, 0.75, 0.25], "texture": "#4"}
			}
		},
		{
			"name": "ChestBottom",
			"from": [5, 0, 1],
			"to": [11, 4, 7],
			"rotation": {"angle": 0, "axis": "y", "origin": [8.5, 8, 8]},
			"faces": {
				"north": {"uv": [10.5, 8.25, 14, 10.5], "rotation": 180, "texture": "#4"},
				"east": {"uv": [7, 8.5, 10.5, 10.749], "texture": "#4"},
				"south": {"uv": [3.5, 8.5, 7, 10.75], "texture": "#4"},
				"west": {"uv": [0, 8.5, 3.5, 10.75], "texture": "#4"},
				"down": {"uv": [3.5, 4.75, 7, 8.249], "texture": "#4"}
			}
		},
		{
			"name": "f1",
			"from": [5.5, 6.55, 2.6],
			"to": [6.1, 7.05, 2.7],
			"rotation": {"angle": 0, "axis": "y", "origin": [8.5, 7.75, 8]},
			"faces": {
				"north": {"uv": [4.25, 10.5, 5, 11.25], "texture": "#3"},
				"south": {"uv": [4.25, 10.5, 5, 11.25], "texture": "#3"},
				"west": {"uv": [9.75, 7.75, 9.849, 7.849], "texture": "#3"},
				"up": {"uv": [9.75, 7.75, 9.849, 7.849], "texture": "#3"},
				"down": {"uv": [4.24767, 10.47939, 4.34707, 10.57879], "texture": "#3"}
			}
		},
		{
			"name": "f2",
			"from": [6.1, 5.95, 2.6],
			"to": [6.2, 7.05, 2.7],
			"rotation": {"angle": 0, "axis": "y", "origin": [8.5, 7.75, 8]},
			"faces": {
				"north": {"uv": [4.13564, 11.13431, 4.23504, 11.23371], "texture": "#3"},
				"east": {"uv": [4.13564, 11.13431, 4.23504, 11.23371], "texture": "#3"},
				"south": {"uv": [4.13564, 11.13431, 4.23504, 11.23371], "texture": "#3"},
				"west": {"uv": [4.13564, 11.13431, 4.23504, 11.23371], "texture": "#3"},
				"up": {"uv": [4.13564, 11.13431, 4.23504, 11.23371], "texture": "#3"}
			}
		},
		{
			"name": "f3",
			"from": [8.5, 6.55, 3],
			"to": [9.1, 7.05, 3.1],
			"rotation": {"angle": 0, "axis": "y", "origin": [8.5, 7.75, 8]},
			"faces": {
				"north": {"uv": [4.25, 10.5, 5, 11.25], "texture": "#3"},
				"south": {"uv": [4.25, 10.5, 5, 11.25], "texture": "#3"},
				"west": {"uv": [9.75, 7.75, 9.849, 7.849], "texture": "#3"},
				"up": {"uv": [9.75, 7.75, 9.849, 7.849], "texture": "#3"},
				"down": {"uv": [4.24767, 10.47939, 4.34707, 10.57879], "texture": "#3"}
			}
		},
		{
			"name": "f4",
			"from": [9.1, 5.95, 3],
			"to": [9.2, 7.05, 3.1],
			"rotation": {"angle": 0, "axis": "y", "origin": [8.5, 7.75, 8]},
			"faces": {
				"north": {"uv": [4.13564, 11.13431, 4.23504, 11.23371], "texture": "#3"},
				"east": {"uv": [4.13564, 11.13431, 4.23504, 11.23371], "texture": "#3"},
				"south": {"uv": [4.13564, 11.13431, 4.23504, 11.23371], "texture": "#3"},
				"west": {"uv": [4.13564, 11.13431, 4.23504, 11.23371], "texture": "#3"},
				"up": {"uv": [4.13564, 11.13431, 4.23504, 11.23371], "texture": "#3"}
			}
		},
		{
			"name": "f5",
			"from": [7, 6.55, 4],
			"to": [7.6, 7.05, 4.1],
			"rotation": {"angle": 0, "axis": "y", "origin": [8.5, 7.75, 8]},
			"faces": {
				"north": {"uv": [4.25, 10.5, 5, 11.25], "texture": "#3"},
				"south": {"uv": [4.25, 10.5, 5, 11.25], "texture": "#3"},
				"west": {"uv": [9.75, 7.75, 9.849, 7.849], "texture": "#3"},
				"up": {"uv": [9.75, 7.75, 9.849, 7.849], "texture": "#3"},
				"down": {"uv": [4.24767, 10.47939, 4.34707, 10.57879], "texture": "#3"}
			}
		},
		{
			"name": "f6",
			"from": [7.6, 5.95, 4],
			"to": [7.7, 7.05, 4.1],
			"rotation": {"angle": 0, "axis": "y", "origin": [8.5, 7.75, 8]},
			"faces": {
				"north": {"uv": [4.13564, 11.13431, 4.23504, 11.23371], "texture": "#3"},
				"east": {"uv": [4.13564, 11.13431, 4.23504, 11.23371], "texture": "#3"},
				"south": {"uv": [4.13564, 11.13431, 4.23504, 11.23371], "texture": "#3"},
				"west": {"uv": [4.13564, 11.13431, 4.23504, 11.23371], "texture": "#3"},
				"up": {"uv": [4.13564, 11.13431, 4.23504, 11.23371], "texture": "#3"}
			}
		},
		{
			"name": "f7",
			"from": [8, 6.55, 5],
			"to": [8.6, 7.05, 5.1],
			"rotation": {"angle": 0, "axis": "y", "origin": [8.5, 7.75, 8]},
			"faces": {
				"north": {"uv": [4.25, 10.5, 5, 11.25], "texture": "#3"},
				"south": {"uv": [4.25, 10.5, 5, 11.25], "texture": "#3"},
				"west": {"uv": [9.75, 7.75, 9.849, 7.849], "texture": "#3"},
				"up": {"uv": [9.75, 7.75, 9.849, 7.849], "texture": "#3"},
				"down": {"uv": [4.24767, 10.47939, 4.34707, 10.57879], "texture": "#3"}
			}
		},
		{
			"name": "f8",
			"from": [8.6, 5.95, 5],
			"to": [8.7, 7.05, 5.1],
			"rotation": {"angle": 0, "axis": "y", "origin": [8.5, 7.75, 8]},
			"faces": {
				"north": {"uv": [4.13564, 11.13431, 4.23504, 11.23371], "texture": "#3"},
				"east": {"uv": [4.13564, 11.13431, 4.23504, 11.23371], "texture": "#3"},
				"south": {"uv": [4.13564, 11.13431, 4.23504, 11.23371], "texture": "#3"},
				"west": {"uv": [4.13564, 11.13431, 4.23504, 11.23371], "texture": "#3"},
				"up": {"uv": [4.13564, 11.13431, 4.23504, 11.23371], "texture": "#3"}
			}
		},
		{
			"name": "f9",
			"from": [6, 6.55, 5],
			"to": [6.6, 7.05, 5.1],
			"rotation": {"angle": 0, "axis": "y", "origin": [8.5, 7.75, 8]},
			"faces": {
				"north": {"uv": [4.25, 10.5, 5, 11.25], "texture": "#3"},
				"south": {"uv": [4.25, 10.5, 5, 11.25], "texture": "#3"},
				"west": {"uv": [9.75, 7.75, 9.849, 7.849], "texture": "#3"},
				"up": {"uv": [9.75, 7.75, 9.849, 7.849], "texture": "#3"},
				"down": {"uv": [4.24767, 10.47939, 4.34707, 10.57879], "texture": "#3"}
			}
		},
		{
			"name": "f10",
			"from": [6.6, 5.95, 5],
			"to": [6.7, 7.05, 5.1],
			"rotation": {"angle": 0, "axis": "y", "origin": [8.5, 7.75, 8]},
			"faces": {
				"north": {"uv": [4.13564, 11.13431, 4.23504, 11.23371], "texture": "#3"},
				"east": {"uv": [4.13564, 11.13431, 4.23504, 11.23371], "texture": "#3"},
				"south": {"uv": [4.13564, 11.13431, 4.23504, 11.23371], "texture": "#3"},
				"west": {"uv": [4.13564, 11.13431, 4.23504, 11.23371], "texture": "#3"},
				"up": {"uv": [4.13564, 11.13431, 4.23504, 11.23371], "texture": "#3"}
			}
		},
		{
			"name": "f11",
			"from": [6.5, 6.55, 3],
			"to": [7.1, 7.05, 3.1],
			"rotation": {"angle": 0, "axis": "y", "origin": [8.5, 7.75, 8]},
			"faces": {
				"north": {"uv": [4.25, 10.5, 5, 11.25], "texture": "#3"},
				"south": {"uv": [4.25, 10.5, 5, 11.25], "texture": "#3"},
				"west": {"uv": [9.75, 7.75, 9.849, 7.849], "texture": "#3"},
				"up": {"uv": [9.75, 7.75, 9.849, 7.849], "texture": "#3"},
				"down": {"uv": [4.24767, 10.47939, 4.34707, 10.57879], "texture": "#3"}
			}
		},
		{
			"name": "f12",
			"from": [7.1, 5.95, 3],
			"to": [7.2, 7.05, 3.1],
			"rotation": {"angle": 0, "axis": "y", "origin": [8.5, 7.75, 8]},
			"faces": {
				"north": {"uv": [4.13564, 11.13431, 4.23504, 11.23371], "texture": "#3"},
				"east": {"uv": [4.13564, 11.13431, 4.23504, 11.23371], "texture": "#3"},
				"south": {"uv": [4.13564, 11.13431, 4.23504, 11.23371], "texture": "#3"},
				"west": {"uv": [4.13564, 11.13431, 4.23504, 11.23371], "texture": "#3"},
				"up": {"uv": [4.13564, 11.13431, 4.23504, 11.23371], "texture": "#3"}
			}
		},
		{
			"name": "swordPiece1",
			"from": [1.75, 15.5, 14],
			"to": [2.25, 17, 15.5],
			"rotation": {"angle": -45, "axis": "x", "origin": [8, 8, 8]},
			"faces": {
				"north": {"uv": [0, 13, 3, 14], "rotation": 90, "texture": "#1"},
				"east": {"uv": [0, 13, 3, 16], "rotation": 90, "texture": "#1"},
				"south": {"uv": [0, 15, 3, 16], "rotation": 180, "texture": "#1"},
				"west": {"uv": [3, 13, 0, 16], "rotation": 270, "texture": "#1"},
				"up": {"uv": [0, 13, 1, 16], "texture": "#1"},
				"down": {"uv": [2, 13, 3, 16], "rotation": 180, "texture": "#1"}
			}
		},
		{
			"name": "swordPiece2",
			"from": [1.75, 14.5, 13.5],
			"to": [2.25, 16, 14],
			"rotation": {"angle": -45, "axis": "x", "origin": [8, 8, 8]},
			"faces": {
				"north": {"uv": [2, 12, 5, 13], "rotation": 90, "texture": "#1"},
				"east": {"uv": [2, 12, 5, 13], "rotation": 90, "texture": "#1"},
				"south": {"uv": [2, 12, 5, 13], "rotation": 90, "texture": "#1"},
				"west": {"uv": [2, 12, 5, 13], "rotation": 90, "texture": "#1"},
				"up": {"uv": [2, 12, 3, 13], "rotation": 90, "texture": "#1"},
				"down": {"uv": [4, 12, 5, 13], "rotation": 180, "texture": "#1"}
			}
		},
		{
			"name": "swordPiece3",
			"from": [1.75, 15, 14],
			"to": [2.25, 15.5, 14.5],
			"rotation": {"angle": -45, "axis": "x", "origin": [8, 8, 8]},
			"faces": {
				"east": {"uv": [4, 12, 5, 13], "rotation": 90, "texture": "#1"},
				"south": {"uv": [4, 12, 5, 13], "rotation": 90, "texture": "#1"},
				"west": {"uv": [4, 12, 5, 13], "rotation": 270, "texture": "#1"},
				"down": {"uv": [4, 12, 5, 13], "rotation": 180, "texture": "#1"}
			}
		},
		{
			"name": "swordPiece4",
			"from": [1.75, 13, 12.5],
			"to": [2.25, 15, 13],
			"rotation": {"angle": -45, "axis": "x", "origin": [8, 8, 8]},
			"faces": {
				"east": {"uv": [4, 10, 7.999, 11], "rotation": 90, "texture": "#1"},
				"west": {"uv": [4, 10, 7.999, 11], "rotation": 90, "texture": "#1"},
				"up": {"uv": [4, 10, 5, 11], "rotation": 270, "texture": "#1"},
				"down": {"uv": [7, 10, 8, 11], "rotation": 180, "texture": "#1"}
			}
		},
		{
			"name": "swordPiece5",
			"from": [1.75, 14.5, 11],
			"to": [2.25, 16, 11.5],
			"rotation": {"angle": -45, "axis": "x", "origin": [8, 8, 8]},
			"faces": {
				"north": {"uv": [2, 7, 5, 8], "rotation": 90, "texture": "#1"},
				"east": {"uv": [2, 7, 5, 8], "rotation": 90, "texture": "#1"},
				"south": {"uv": [2, 7, 5, 8], "rotation": 90, "texture": "#1"},
				"west": {"uv": [2, 7, 5, 8], "rotation": 90, "texture": "#1"},
				"up": {"uv": [2, 7, 3, 8], "rotation": 270, "texture": "#1"},
				"down": {"uv": [4, 7, 5, 8], "rotation": 180, "texture": "#1"}
			}
		},
		{
			"name": "swordPiece6",
			"from": [1.75, 15, 10.5],
			"to": [2.25, 16, 11],
			"rotation": {"angle": -45, "axis": "x", "origin": [8, 8, 8]},
			"faces": {
				"north": {"uv": [2, 6, 4, 7], "rotation": 270, "texture": "#1"},
				"east": {"uv": [2, 6, 4, 7], "rotation": 270, "texture": "#1"},
				"west": {"uv": [2, 6, 4, 7], "rotation": 90, "texture": "#1"},
				"up": {"uv": [2, 6, 3, 7], "rotation": 270, "texture": "#1"},
				"down": {"uv": [3, 6, 3.999, 6.999], "rotation": 180, "texture": "#1"}
			}
		},
		{
			"name": "swordPiece7",
			"from": [1.75, 12.5, 13],
			"to": [2.25, 15.5, 13.5],
			"rotation": {"angle": -45, "axis": "x", "origin": [8, 8, 8]},
			"faces": {
				"north": {"uv": [3, 11, 9, 12], "rotation": 90, "texture": "#1"},
				"east": {"uv": [3, 11, 9, 12], "rotation": 90, "texture": "#1"},
				"south": {"uv": [3, 11, 9, 12], "rotation": 90, "texture": "#1"},
				"west": {"uv": [3, 11, 9, 12], "rotation": 90, "texture": "#1"},
				"up": {"uv": [3, 11, 4, 12], "rotation": 270, "texture": "#1"},
				"down": {"uv": [5, 11, 6, 12], "rotation": 180, "texture": "#1"}
			}
		},
		{
			"name": "swordPiece8",
			"from": [1.75, 12, 14],
			"to": [2.25, 13, 14.5],
			"rotation": {"angle": -45, "axis": "x", "origin": [8, 8, 8]},
			"faces": {
				"east": {"uv": [8, 13, 10, 14], "rotation": 270, "texture": "#1"},
				"south": {"uv": [8, 13, 10, 14], "rotation": 270, "texture": "#1"},
				"west": {"uv": [8, 13, 10, 14], "rotation": 270, "texture": "#1"},
				"up": {"uv": [5, 11, 6, 12], "rotation": 270, "texture": "#1"},
				"down": {"uv": [5, 11, 6, 12], "rotation": 180, "texture": "#1"}
			}
		},
		{
			"name": "swordPiece9",
			"from": [1.75, 12, 13.5],
			"to": [2.25, 14, 14],
			"rotation": {"angle": -45, "axis": "x", "origin": [8, 8, 8]},
			"faces": {
				"north": {"uv": [6, 12, 10, 13], "rotation": 90, "texture": "#1"},
				"east": {"uv": [6, 12, 10, 13], "rotation": 90, "texture": "#1"},
				"south": {"uv": [6, 12, 10, 13], "rotation": 90, "texture": "#1"},
				"west": {"uv": [6, 12, 10, 13], "rotation": 90, "texture": "#1"},
				"up": {"uv": [5, 11, 6, 12], "rotation": 270, "texture": "#1"},
				"down": {"uv": [5, 11, 6, 12], "rotation": 180, "texture": "#1"}
			}
		},
		{
			"name": "swordPiece10",
			"from": [1.75, 12.5, 12],
			"to": [2.25, 15.5, 12.5],
			"rotation": {"angle": -45, "axis": "x", "origin": [8, 8, 8]},
			"faces": {
				"east": {"uv": [3, 9, 9, 10], "rotation": 90, "texture": "#1"},
				"south": {"uv": [3, 9, 9, 10], "rotation": 90, "texture": "#1"},
				"west": {"uv": [3, 9, 9, 10], "rotation": 90, "texture": "#1"},
				"up": {"uv": [3, 9, 4, 10], "rotation": 270, "texture": "#1"},
				"down": {"uv": [8, 9, 9, 10], "rotation": 180, "texture": "#1"}
			}
		},
		{
			"name": "swordPiece11",
			"from": [1.75, 12, 11.5],
			"to": [2.25, 15.5, 12],
			"rotation": {"angle": -45, "axis": "x", "origin": [8, 8, 8]},
			"faces": {
				"north": {"uv": [3, 8, 10, 9], "rotation": 90, "texture": "#1"},
				"east": {"uv": [3, 8, 10, 9], "rotation": 90, "texture": "#1"},
				"south": {"uv": [3, 8, 10, 9], "rotation": 90, "texture": "#1"},
				"west": {"uv": [3, 8, 10, 9], "rotation": 90, "texture": "#1"},
				"up": {"uv": [3, 8, 4, 9], "rotation": 270, "texture": "#1"},
				"down": {"uv": [9, 8, 10, 9], "rotation": 180, "texture": "#1"}
			}
		},
		{
			"name": "swordPiece12",
			"from": [1.75, 11.5, 11],
			"to": [2.25, 14, 11.5],
			"rotation": {"angle": -45, "axis": "x", "origin": [8, 8, 8]},
			"faces": {
				"north": {"uv": [6, 7, 11, 8], "rotation": 90, "texture": "#1"},
				"east": {"uv": [6, 7, 11, 8], "rotation": 90, "texture": "#1"},
				"south": {"uv": [8, 5, 13, 6], "rotation": 90, "texture": "#1"},
				"west": {"uv": [6, 7, 11, 8], "rotation": 90, "texture": "#1"},
				"up": {"uv": [6, 7, 7, 8], "rotation": 270, "texture": "#1"},
				"down": {"uv": [10, 7, 11, 8], "rotation": 180, "texture": "#1"}
			}
		},
		{
			"name": "swordPiece13",
			"from": [1.75, 11, 10.5],
			"to": [2.25, 13.5, 11],
			"rotation": {"angle": -45, "axis": "x", "origin": [8, 8, 8]},
			"faces": {
				"north": {"uv": [7, 6, 12, 7], "rotation": 90, "texture": "#1"},
				"east": {"uv": [7, 6, 12, 7], "rotation": 90, "texture": "#1"},
				"south": {"uv": [7, 6, 12, 7], "rotation": 90, "texture": "#1"},
				"west": {"uv": [7, 6, 12, 7], "rotation": 90, "texture": "#1"},
				"up": {"uv": [7, 6, 8, 7], "rotation": 270, "texture": "#1"},
				"down": {"uv": [11, 6, 12, 7], "rotation": 180, "texture": "#1"}
			}
		},
		{
			"name": "swordPiece14",
			"from": [1.75, 10.5, 10],
			"to": [2.25, 13, 10.5],
			"rotation": {"angle": -45, "axis": "x", "origin": [8, 8, 8]},
			"faces": {
				"north": {"uv": [8, 5, 13, 6], "rotation": 90, "texture": "#1"},
				"east": {"uv": [8, 5, 13, 6], "rotation": 90, "texture": "#1"},
				"south": {"uv": [8, 5, 13, 6], "rotation": 90, "texture": "#1"},
				"west": {"uv": [8, 5, 13, 6], "rotation": 90, "texture": "#1"},
				"up": {"uv": [8, 5, 9, 6], "rotation": 270, "texture": "#1"},
				"down": {"uv": [12, 5, 13, 6], "rotation": 180, "texture": "#1"}
			}
		},
		{
			"name": "swordPiece15",
			"from": [1.75, 10, 9.5],
			"to": [2.25, 12.5, 10],
			"rotation": {"angle": -45, "axis": "x", "origin": [8, 8, 8]},
			"faces": {
				"north": {"uv": [9, 4, 14, 5], "rotation": 90, "texture": "#1"},
				"east": {"uv": [9, 4, 14, 5], "rotation": 90, "texture": "#1"},
				"south": {"uv": [9, 4, 14, 5], "rotation": 90, "texture": "#1"},
				"west": {"uv": [9, 4, 14, 5], "rotation": 90, "texture": "#1"},
				"up": {"uv": [9, 4, 10, 5], "rotation": 270, "texture": "#1"},
				"down": {"uv": [13, 4, 14, 5], "rotation": 180, "texture": "#1"}
			}
		},
		{
			"name": "swordPiece16",
			"from": [1.75, 9.5, 9],
			"to": [2.25, 12, 9.5],
			"rotation": {"angle": -45, "axis": "x", "origin": [8, 8, 8]},
			"faces": {
				"north": {"uv": [10, 3, 15, 4], "rotation": 90, "texture": "#1"},
				"east": {"uv": [10, 3, 15, 4], "rotation": 90, "texture": "#1"},
				"south": {"uv": [10, 3, 15, 4], "rotation": 90, "texture": "#1"},
				"west": {"uv": [10, 3, 15, 4], "rotation": 90, "texture": "#1"},
				"up": {"uv": [10, 3, 11, 3.999], "rotation": 270, "texture": "#1"},
				"down": {"uv": [14, 3, 15, 4], "rotation": 180, "texture": "#1"}
			}
		},
		{
			"name": "swordPiece17",
			"from": [1.75, 9, 8.5],
			"to": [2.25, 11.5, 9],
			"rotation": {"angle": -45, "axis": "x", "origin": [8, 8, 8]},
			"faces": {
				"north": {"uv": [11, 2, 16, 3], "rotation": 90, "texture": "#1"},
				"east": {"uv": [11, 2, 16, 3], "rotation": 90, "texture": "#1"},
				"south": {"uv": [9, 8, 10, 9], "rotation": 90, "texture": "#1"},
				"west": {"uv": [11, 2, 16, 3], "rotation": 90, "texture": "#1"},
				"up": {"uv": [11, 2, 12, 3], "rotation": 270, "texture": "#1"},
				"down": {"uv": [15, 2, 16, 3], "rotation": 180, "texture": "#1"}
			}
		},
		{
			"name": "swordPiece18",
			"from": [1.75, 9, 8],
			"to": [2.25, 11, 8.5],
			"rotation": {"angle": -45, "axis": "x", "origin": [8, 8, 8]},
			"faces": {
				"north": {"uv": [12, 1, 16, 2], "rotation": 90, "texture": "#1"},
				"east": {"uv": [12, 1, 16, 2], "rotation": 90, "texture": "#1"},
				"west": {"uv": [12, 1, 16, 2], "rotation": 90, "texture": "#1"},
				"up": {"uv": [12, 1, 13, 2], "rotation": 270, "texture": "#1"},
				"down": {"uv": [15, 1, 16, 2], "rotation": 180, "texture": "#1"}
			}
		},
		{
			"name": "swordPiece19",
			"from": [1.75, 9, 7.5],
			"to": [2.25, 10.5, 8],
			"rotation": {"angle": -45, "axis": "x", "origin": [8, 8, 8]},
			"faces": {
				"north": {"uv": [13, 0, 16, 1], "rotation": 270, "texture": "#1"},
				"east": {"uv": [13, 0, 16, 1], "rotation": 270, "texture": "#1"},
				"west": {"uv": [13, 0, 16, 1], "rotation": 270, "texture": "#1"},
				"up": {"uv": [13, 0, 14, 1], "rotation": 270, "texture": "#1"},
				"down": {"uv": [15, 0, 16, 1], "rotation": 180, "texture": "#1"}
			}
		},
		{
			"name": "swordPiece2",
			"from": [4.75, 15.5, 14],
			"to": [5.25, 17, 15.5],
			"rotation": {"angle": -45, "axis": "x", "origin": [8, 8, 8]},
			"faces": {
				"north": {"uv": [0, 13, 3, 14], "rotation": 90, "texture": "#1"},
				"east": {"uv": [0, 13, 3, 16], "rotation": 90, "texture": "#1"},
				"south": {"uv": [0, 15, 3, 16], "rotation": 180, "texture": "#1"},
				"west": {"uv": [3, 13, 0, 16], "rotation": 270, "texture": "#1"},
				"up": {"uv": [0, 13, 1, 16], "texture": "#1"},
				"down": {"uv": [2, 13, 3, 16], "rotation": 180, "texture": "#1"}
			}
		},
		{
			"name": "swordPiece3",
			"from": [4.75, 14.5, 13.5],
			"to": [5.25, 16, 14],
			"rotation": {"angle": -45, "axis": "x", "origin": [8, 8, 8]},
			"faces": {
				"north": {"uv": [2, 12, 5, 13], "rotation": 90, "texture": "#1"},
				"east": {"uv": [2, 12, 5, 13], "rotation": 90, "texture": "#1"},
				"south": {"uv": [2, 12, 5, 13], "rotation": 90, "texture": "#1"},
				"west": {"uv": [2, 12, 5, 13], "rotation": 90, "texture": "#1"},
				"up": {"uv": [2, 12, 3, 13], "rotation": 90, "texture": "#1"},
				"down": {"uv": [4, 12, 5, 13], "rotation": 180, "texture": "#1"}
			}
		},
		{
			"name": "swordPiece4",
			"from": [4.75, 15, 14],
			"to": [5.25, 15.5, 14.5],
			"rotation": {"angle": -45, "axis": "x", "origin": [8, 8, 8]},
			"faces": {
				"east": {"uv": [4, 12, 5, 13], "rotation": 90, "texture": "#1"},
				"south": {"uv": [4, 12, 5, 13], "rotation": 90, "texture": "#1"},
				"west": {"uv": [4, 12, 5, 13], "rotation": 270, "texture": "#1"},
				"down": {"uv": [4, 12, 5, 13], "rotation": 180, "texture": "#1"}
			}
		},
		{
			"name": "swordPiece5",
			"from": [4.75, 13, 12.5],
			"to": [5.25, 15, 13],
			"rotation": {"angle": -45, "axis": "x", "origin": [8, 8, 8]},
			"faces": {
				"east": {"uv": [4, 10, 7.999, 11], "rotation": 90, "texture": "#1"},
				"west": {"uv": [4, 10, 7.999, 11], "rotation": 90, "texture": "#1"},
				"up": {"uv": [4, 10, 5, 11], "rotation": 270, "texture": "#1"},
				"down": {"uv": [7, 10, 8, 11], "rotation": 180, "texture": "#1"}
			}
		},
		{
			"name": "swordPiece6",
			"from": [4.75, 14.5, 11],
			"to": [5.25, 16, 11.5],
			"rotation": {"angle": -45, "axis": "x", "origin": [8, 8, 8]},
			"faces": {
				"north": {"uv": [2, 7, 5, 8], "rotation": 90, "texture": "#1"},
				"east": {"uv": [2, 7, 5, 8], "rotation": 90, "texture": "#1"},
				"south": {"uv": [2, 7, 5, 8], "rotation": 90, "texture": "#1"},
				"west": {"uv": [2, 7, 5, 8], "rotation": 90, "texture": "#1"},
				"up": {"uv": [2, 7, 3, 8], "rotation": 270, "texture": "#1"},
				"down": {"uv": [4, 7, 5, 8], "rotation": 180, "texture": "#1"}
			}
		},
		{
			"name": "swordPiece7",
			"from": [4.75, 15, 10.5],
			"to": [5.25, 16, 11],
			"rotation": {"angle": -45, "axis": "x", "origin": [8, 8, 8]},
			"faces": {
				"north": {"uv": [2, 6, 4, 7], "rotation": 270, "texture": "#1"},
				"east": {"uv": [2, 6, 4, 7], "rotation": 270, "texture": "#1"},
				"west": {"uv": [2, 6, 4, 7], "rotation": 90, "texture": "#1"},
				"up": {"uv": [2, 6, 3, 7], "rotation": 270, "texture": "#1"},
				"down": {"uv": [3, 6, 3.999, 6.999], "rotation": 180, "texture": "#1"}
			}
		},
		{
			"name": "swordPiece8",
			"from": [4.75, 12.5, 13],
			"to": [5.25, 15.5, 13.5],
			"rotation": {"angle": -45, "axis": "x", "origin": [8, 8, 8]},
			"faces": {
				"north": {"uv": [3, 11, 9, 12], "rotation": 90, "texture": "#1"},
				"east": {"uv": [3, 11, 9, 12], "rotation": 90, "texture": "#1"},
				"south": {"uv": [3, 11, 9, 12], "rotation": 90, "texture": "#1"},
				"west": {"uv": [3, 11, 9, 12], "rotation": 90, "texture": "#1"},
				"up": {"uv": [3, 11, 4, 12], "rotation": 270, "texture": "#1"},
				"down": {"uv": [5, 11, 6, 12], "rotation": 180, "texture": "#1"}
			}
		},
		{
			"name": "swordPiece9",
			"from": [4.75, 12, 14],
			"to": [5.25, 13, 14.5],
			"rotation": {"angle": -45, "axis": "x", "origin": [8, 8, 8]},
			"faces": {
				"east": {"uv": [8, 13, 10, 14], "rotation": 270, "texture": "#1"},
				"south": {"uv": [8, 13, 10, 14], "rotation": 270, "texture": "#1"},
				"west": {"uv": [8, 13, 10, 14], "rotation": 270, "texture": "#1"},
				"up": {"uv": [5, 11, 6, 12], "rotation": 270, "texture": "#1"},
				"down": {"uv": [5, 11, 6, 12], "rotation": 180, "texture": "#1"}
			}
		},
		{
			"name": "swordPiece10",
			"from": [4.75, 12, 13.5],
			"to": [5.25, 14, 14],
			"rotation": {"angle": -45, "axis": "x", "origin": [8, 8, 8]},
			"faces": {
				"north": {"uv": [6, 12, 10, 13], "rotation": 90, "texture": "#1"},
				"east": {"uv": [6, 12, 10, 13], "rotation": 90, "texture": "#1"},
				"south": {"uv": [6, 12, 10, 13], "rotation": 90, "texture": "#1"},
				"west": {"uv": [6, 12, 10, 13], "rotation": 90, "texture": "#1"},
				"up": {"uv": [5, 11, 6, 12], "rotation": 270, "texture": "#1"},
				"down": {"uv": [5, 11, 6, 12], "rotation": 180, "texture": "#1"}
			}
		},
		{
			"name": "swordPiece11",
			"from": [4.75, 12.5, 12],
			"to": [5.25, 15.5, 12.5],
			"rotation": {"angle": -45, "axis": "x", "origin": [8, 8, 8]},
			"faces": {
				"east": {"uv": [3, 9, 9, 10], "rotation": 90, "texture": "#1"},
				"south": {"uv": [3, 9, 9, 10], "rotation": 90, "texture": "#1"},
				"west": {"uv": [3, 9, 9, 10], "rotation": 90, "texture": "#1"},
				"up": {"uv": [3, 9, 4, 10], "rotation": 270, "texture": "#1"},
				"down": {"uv": [8, 9, 9, 10], "rotation": 180, "texture": "#1"}
			}
		},
		{
			"name": "swordPiece12",
			"from": [4.75, 12, 11.5],
			"to": [5.25, 15.5, 12],
			"rotation": {"angle": -45, "axis": "x", "origin": [8, 8, 8]},
			"faces": {
				"north": {"uv": [3, 8, 10, 9], "rotation": 90, "texture": "#1"},
				"east": {"uv": [3, 8, 10, 9], "rotation": 90, "texture": "#1"},
				"south": {"uv": [3, 8, 10, 9], "rotation": 90, "texture": "#1"},
				"west": {"uv": [3, 8, 10, 9], "rotation": 90, "texture": "#1"},
				"up": {"uv": [3, 8, 4, 9], "rotation": 270, "texture": "#1"},
				"down": {"uv": [9, 8, 10, 9], "rotation": 180, "texture": "#1"}
			}
		},
		{
			"name": "swordPiece13",
			"from": [4.75, 11.5, 11],
			"to": [5.25, 14, 11.5],
			"rotation": {"angle": -45, "axis": "x", "origin": [8, 8, 8]},
			"faces": {
				"north": {"uv": [6, 7, 11, 8], "rotation": 90, "texture": "#1"},
				"east": {"uv": [6, 7, 11, 8], "rotation": 90, "texture": "#1"},
				"south": {"uv": [8, 5, 13, 6], "rotation": 90, "texture": "#1"},
				"west": {"uv": [6, 7, 11, 8], "rotation": 90, "texture": "#1"},
				"up": {"uv": [6, 7, 7, 8], "rotation": 270, "texture": "#1"},
				"down": {"uv": [10, 7, 11, 8], "rotation": 180, "texture": "#1"}
			}
		},
		{
			"name": "swordPiece14",
			"from": [4.75, 11, 10.5],
			"to": [5.25, 13.5, 11],
			"rotation": {"angle": -45, "axis": "x", "origin": [8, 8, 8]},
			"faces": {
				"north": {"uv": [7, 6, 12, 7], "rotation": 90, "texture": "#1"},
				"east": {"uv": [7, 6, 12, 7], "rotation": 90, "texture": "#1"},
				"south": {"uv": [7, 6, 12, 7], "rotation": 90, "texture": "#1"},
				"west": {"uv": [7, 6, 12, 7], "rotation": 90, "texture": "#1"},
				"up": {"uv": [7, 6, 8, 7], "rotation": 270, "texture": "#1"},
				"down": {"uv": [11, 6, 12, 7], "rotation": 180, "texture": "#1"}
			}
		},
		{
			"name": "swordPiece15",
			"from": [4.75, 10.5, 10],
			"to": [5.25, 13, 10.5],
			"rotation": {"angle": -45, "axis": "x", "origin": [8, 8, 8]},
			"faces": {
				"north": {"uv": [8, 5, 13, 6], "rotation": 90, "texture": "#1"},
				"east": {"uv": [8, 5, 13, 6], "rotation": 90, "texture": "#1"},
				"south": {"uv": [8, 5, 13, 6], "rotation": 90, "texture": "#1"},
				"west": {"uv": [8, 5, 13, 6], "rotation": 90, "texture": "#1"},
				"up": {"uv": [8, 5, 9, 6], "rotation": 270, "texture": "#1"},
				"down": {"uv": [12, 5, 13, 6], "rotation": 180, "texture": "#1"}
			}
		},
		{
			"name": "swordPiece16",
			"from": [4.75, 10, 9.5],
			"to": [5.25, 12.5, 10],
			"rotation": {"angle": -45, "axis": "x", "origin": [8, 8, 8]},
			"faces": {
				"north": {"uv": [9, 4, 14, 5], "rotation": 90, "texture": "#1"},
				"east": {"uv": [9, 4, 14, 5], "rotation": 90, "texture": "#1"},
				"south": {"uv": [9, 4, 14, 5], "rotation": 90, "texture": "#1"},
				"west": {"uv": [9, 4, 14, 5], "rotation": 90, "texture": "#1"},
				"up": {"uv": [9, 4, 10, 5], "rotation": 270, "texture": "#1"},
				"down": {"uv": [13, 4, 14, 5], "rotation": 180, "texture": "#1"}
			}
		},
		{
			"name": "swordPiece17",
			"from": [4.75, 9.5, 9],
			"to": [5.25, 12, 9.5],
			"rotation": {"angle": -45, "axis": "x", "origin": [8, 8, 8]},
			"faces": {
				"north": {"uv": [10, 3, 15, 4], "rotation": 90, "texture": "#1"},
				"east": {"uv": [10, 3, 15, 4], "rotation": 90, "texture": "#1"},
				"south": {"uv": [10, 3, 15, 4], "rotation": 90, "texture": "#1"},
				"west": {"uv": [10, 3, 15, 4], "rotation": 90, "texture": "#1"},
				"up": {"uv": [10, 3, 11, 3.999], "rotation": 270, "texture": "#1"},
				"down": {"uv": [14, 3, 15, 4], "rotation": 180, "texture": "#1"}
			}
		},
		{
			"name": "swordPiece18",
			"from": [4.75, 9, 8.5],
			"to": [5.25, 11.5, 9],
			"rotation": {"angle": -45, "axis": "x", "origin": [8, 8, 8]},
			"faces": {
				"north": {"uv": [11, 2, 16, 3], "rotation": 90, "texture": "#1"},
				"east": {"uv": [11, 2, 16, 3], "rotation": 90, "texture": "#1"},
				"south": {"uv": [9, 8, 10, 9], "rotation": 90, "texture": "#1"},
				"west": {"uv": [11, 2, 16, 3], "rotation": 90, "texture": "#1"},
				"up": {"uv": [11, 2, 12, 3], "rotation": 270, "texture": "#1"},
				"down": {"uv": [15, 2, 16, 3], "rotation": 180, "texture": "#1"}
			}
		},
		{
			"name": "swordPiece19",
			"from": [4.75, 9, 8],
			"to": [5.25, 11, 8.5],
			"rotation": {"angle": -45, "axis": "x", "origin": [8, 8, 8]},
			"faces": {
				"north": {"uv": [12, 1, 16, 2], "rotation": 90, "texture": "#1"},
				"east": {"uv": [12, 1, 16, 2], "rotation": 90, "texture": "#1"},
				"west": {"uv": [12, 1, 16, 2], "rotation": 90, "texture": "#1"},
				"up": {"uv": [12, 1, 13, 2], "rotation": 270, "texture": "#1"},
				"down": {"uv": [15, 1, 16, 2], "rotation": 180, "texture": "#1"}
			}
		},
		{
			"name": "swordPiece20",
			"from": [4.75, 9, 7.5],
			"to": [5.25, 10.5, 8],
			"rotation": {"angle": -45, "axis": "x", "origin": [8, 8, 8]},
			"faces": {
				"north": {"uv": [13, 0, 16, 1], "rotation": 270, "texture": "#1"},
				"east": {"uv": [13, 0, 16, 1], "rotation": 270, "texture": "#1"},
				"west": {"uv": [13, 0, 16, 1], "rotation": 270, "texture": "#1"},
				"up": {"uv": [13, 0, 14, 1], "rotation": 270, "texture": "#1"},
				"down": {"uv": [15, 0, 16, 1], "rotation": 180, "texture": "#1"}
			}
		},
		{
			"name": "swordPiece3",
			"from": [7.75, 15.5, 14],
			"to": [8.25, 17, 15.5],
			"rotation": {"angle": -45, "axis": "x", "origin": [8, 8, 8]},
			"faces": {
				"north": {"uv": [0, 13, 3, 14], "rotation": 90, "texture": "#1"},
				"east": {"uv": [0, 13, 3, 16], "rotation": 90, "texture": "#1"},
				"south": {"uv": [0, 15, 3, 16], "rotation": 180, "texture": "#1"},
				"west": {"uv": [3, 13, 0, 16], "rotation": 270, "texture": "#1"},
				"up": {"uv": [0, 13, 1, 16], "texture": "#1"},
				"down": {"uv": [2, 13, 3, 16], "rotation": 180, "texture": "#1"}
			}
		},
		{
			"name": "swordPiece4",
			"from": [7.75, 14.5, 13.5],
			"to": [8.25, 16, 14],
			"rotation": {"angle": -45, "axis": "x", "origin": [8, 8, 8]},
			"faces": {
				"north": {"uv": [2, 12, 5, 13], "rotation": 90, "texture": "#1"},
				"east": {"uv": [2, 12, 5, 13], "rotation": 90, "texture": "#1"},
				"south": {"uv": [2, 12, 5, 13], "rotation": 90, "texture": "#1"},
				"west": {"uv": [2, 12, 5, 13], "rotation": 90, "texture": "#1"},
				"up": {"uv": [2, 12, 3, 13], "rotation": 90, "texture": "#1"},
				"down": {"uv": [4, 12, 5, 13], "rotation": 180, "texture": "#1"}
			}
		},
		{
			"name": "swordPiece5",
			"from": [7.75, 15, 14],
			"to": [8.25, 15.5, 14.5],
			"rotation": {"angle": -45, "axis": "x", "origin": [8, 8, 8]},
			"faces": {
				"east": {"uv": [4, 12, 5, 13], "rotation": 90, "texture": "#1"},
				"south": {"uv": [4, 12, 5, 13], "rotation": 90, "texture": "#1"},
				"west": {"uv": [4, 12, 5, 13], "rotation": 270, "texture": "#1"},
				"down": {"uv": [4, 12, 5, 13], "rotation": 180, "texture": "#1"}
			}
		},
		{
			"name": "swordPiece6",
			"from": [7.75, 13, 12.5],
			"to": [8.25, 15, 13],
			"rotation": {"angle": -45, "axis": "x", "origin": [8, 8, 8]},
			"faces": {
				"east": {"uv": [4, 10, 7.999, 11], "rotation": 90, "texture": "#1"},
				"west": {"uv": [4, 10, 7.999, 11], "rotation": 90, "texture": "#1"},
				"up": {"uv": [4, 10, 5, 11], "rotation": 270, "texture": "#1"},
				"down": {"uv": [7, 10, 8, 11], "rotation": 180, "texture": "#1"}
			}
		},
		{
			"name": "swordPiece7",
			"from": [7.75, 14.5, 11],
			"to": [8.25, 16, 11.5],
			"rotation": {"angle": -45, "axis": "x", "origin": [8, 8, 8]},
			"faces": {
				"north": {"uv": [2, 7, 5, 8], "rotation": 90, "texture": "#1"},
				"east": {"uv": [2, 7, 5, 8], "rotation": 90, "texture": "#1"},
				"south": {"uv": [2, 7, 5, 8], "rotation": 90, "texture": "#1"},
				"west": {"uv": [2, 7, 5, 8], "rotation": 90, "texture": "#1"},
				"up": {"uv": [2, 7, 3, 8], "rotation": 270, "texture": "#1"},
				"down": {"uv": [4, 7, 5, 8], "rotation": 180, "texture": "#1"}
			}
		},
		{
			"name": "swordPiece8",
			"from": [7.75, 15, 10.5],
			"to": [8.25, 16, 11],
			"rotation": {"angle": -45, "axis": "x", "origin": [8, 8, 8]},
			"faces": {
				"north": {"uv": [2, 6, 4, 7], "rotation": 270, "texture": "#1"},
				"east": {"uv": [2, 6, 4, 7], "rotation": 270, "texture": "#1"},
				"west": {"uv": [2, 6, 4, 7], "rotation": 90, "texture": "#1"},
				"up": {"uv": [2, 6, 3, 7], "rotation": 270, "texture": "#1"},
				"down": {"uv": [3, 6, 3.999, 6.999], "rotation": 180, "texture": "#1"}
			}
		},
		{
			"name": "swordPiece9",
			"from": [7.75, 12.5, 13],
			"to": [8.25, 15.5, 13.5],
			"rotation": {"angle": -45, "axis": "x", "origin": [8, 8, 8]},
			"faces": {
				"north": {"uv": [3, 11, 9, 12], "rotation": 90, "texture": "#1"},
				"east": {"uv": [3, 11, 9, 12], "rotation": 90, "texture": "#1"},
				"south": {"uv": [3, 11, 9, 12], "rotation": 90, "texture": "#1"},
				"west": {"uv": [3, 11, 9, 12], "rotation": 90, "texture": "#1"},
				"up": {"uv": [3, 11, 4, 12], "rotation": 270, "texture": "#1"},
				"down": {"uv": [5, 11, 6, 12], "rotation": 180, "texture": "#1"}
			}
		},
		{
			"name": "swordPiece10",
			"from": [7.75, 12, 14],
			"to": [8.25, 13, 14.5],
			"rotation": {"angle": -45, "axis": "x", "origin": [8, 8, 8]},
			"faces": {
				"east": {"uv": [8, 13, 10, 14], "rotation": 270, "texture": "#1"},
				"south": {"uv": [8, 13, 10, 14], "rotation": 270, "texture": "#1"},
				"west": {"uv": [8, 13, 10, 14], "rotation": 270, "texture": "#1"},
				"up": {"uv": [5, 11, 6, 12], "rotation": 270, "texture": "#1"},
				"down": {"uv": [5, 11, 6, 12], "rotation": 180, "texture": "#1"}
			}
		},
		{
			"name": "swordPiece11",
			"from": [7.75, 12, 13.5],
			"to": [8.25, 14, 14],
			"rotation": {"angle": -45, "axis": "x", "origin": [8, 8, 8]},
			"faces": {
				"north": {"uv": [6, 12, 10, 13], "rotation": 90, "texture": "#1"},
				"east": {"uv": [6, 12, 10, 13], "rotation": 90, "texture": "#1"},
				"south": {"uv": [6, 12, 10, 13], "rotation": 90, "texture": "#1"},
				"west": {"uv": [6, 12, 10, 13], "rotation": 90, "texture": "#1"},
				"up": {"uv": [5, 11, 6, 12], "rotation": 270, "texture": "#1"},
				"down": {"uv": [5, 11, 6, 12], "rotation": 180, "texture": "#1"}
			}
		},
		{
			"name": "swordPiece12",
			"from": [7.75, 12.5, 12],
			"to": [8.25, 15.5, 12.5],
			"rotation": {"angle": -45, "axis": "x", "origin": [8, 8, 8]},
			"faces": {
				"east": {"uv": [3, 9, 9, 10], "rotation": 90, "texture": "#1"},
				"south": {"uv": [3, 9, 9, 10], "rotation": 90, "texture": "#1"},
				"west": {"uv": [3, 9, 9, 10], "rotation": 90, "texture": "#1"},
				"up": {"uv": [3, 9, 4, 10], "rotation": 270, "texture": "#1"},
				"down": {"uv": [8, 9, 9, 10], "rotation": 180, "texture": "#1"}
			}
		},
		{
			"name": "swordPiece13",
			"from": [7.75, 12, 11.5],
			"to": [8.25, 15.5, 12],
			"rotation": {"angle": -45, "axis": "x", "origin": [8, 8, 8]},
			"faces": {
				"north": {"uv": [3, 8, 10, 9], "rotation": 90, "texture": "#1"},
				"east": {"uv": [3, 8, 10, 9], "rotation": 90, "texture": "#1"},
				"south": {"uv": [3, 8, 10, 9], "rotation": 90, "texture": "#1"},
				"west": {"uv": [3, 8, 10, 9], "rotation": 90, "texture": "#1"},
				"up": {"uv": [3, 8, 4, 9], "rotation": 270, "texture": "#1"},
				"down": {"uv": [9, 8, 10, 9], "rotation": 180, "texture": "#1"}
			}
		},
		{
			"name": "swordPiece14",
			"from": [7.75, 11.5, 11],
			"to": [8.25, 14, 11.5],
			"rotation": {"angle": -45, "axis": "x", "origin": [8, 8, 8]},
			"faces": {
				"north": {"uv": [6, 7, 11, 8], "rotation": 90, "texture": "#1"},
				"east": {"uv": [6, 7, 11, 8], "rotation": 90, "texture": "#1"},
				"south": {"uv": [8, 5, 13, 6], "rotation": 90, "texture": "#1"},
				"west": {"uv": [6, 7, 11, 8], "rotation": 90, "texture": "#1"},
				"up": {"uv": [6, 7, 7, 8], "rotation": 270, "texture": "#1"},
				"down": {"uv": [10, 7, 11, 8], "rotation": 180, "texture": "#1"}
			}
		},
		{
			"name": "swordPiece15",
			"from": [7.75, 11, 10.5],
			"to": [8.25, 13.5, 11],
			"rotation": {"angle": -45, "axis": "x", "origin": [8, 8, 8]},
			"faces": {
				"north": {"uv": [7, 6, 12, 7], "rotation": 90, "texture": "#1"},
				"east": {"uv": [7, 6, 12, 7], "rotation": 90, "texture": "#1"},
				"south": {"uv": [7, 6, 12, 7], "rotation": 90, "texture": "#1"},
				"west": {"uv": [7, 6, 12, 7], "rotation": 90, "texture": "#1"},
				"up": {"uv": [7, 6, 8, 7], "rotation": 270, "texture": "#1"},
				"down": {"uv": [11, 6, 12, 7], "rotation": 180, "texture": "#1"}
			}
		},
		{
			"name": "swordPiece16",
			"from": [7.75, 10.5, 10],
			"to": [8.25, 13, 10.5],
			"rotation": {"angle": -45, "axis": "x", "origin": [8, 8, 8]},
			"faces": {
				"north": {"uv": [8, 5, 13, 6], "rotation": 90, "texture": "#1"},
				"east": {"uv": [8, 5, 13, 6], "rotation": 90, "texture": "#1"},
				"south": {"uv": [8, 5, 13, 6], "rotation": 90, "texture": "#1"},
				"west": {"uv": [8, 5, 13, 6], "rotation": 90, "texture": "#1"},
				"up": {"uv": [8, 5, 9, 6], "rotation": 270, "texture": "#1"},
				"down": {"uv": [12, 5, 13, 6], "rotation": 180, "texture": "#1"}
			}
		},
		{
			"name": "swordPiece17",
			"from": [7.75, 10, 9.5],
			"to": [8.25, 12.5, 10],
			"rotation": {"angle": -45, "axis": "x", "origin": [8, 8, 8]},
			"faces": {
				"north": {"uv": [9, 4, 14, 5], "rotation": 90, "texture": "#1"},
				"east": {"uv": [9, 4, 14, 5], "rotation": 90, "texture": "#1"},
				"south": {"uv": [9, 4, 14, 5], "rotation": 90, "texture": "#1"},
				"west": {"uv": [9, 4, 14, 5], "rotation": 90, "texture": "#1"},
				"up": {"uv": [9, 4, 10, 5], "rotation": 270, "texture": "#1"},
				"down": {"uv": [13, 4, 14, 5], "rotation": 180, "texture": "#1"}
			}
		},
		{
			"name": "swordPiece18",
			"from": [7.75, 9.5, 9],
			"to": [8.25, 12, 9.5],
			"rotation": {"angle": -45, "axis": "x", "origin": [8, 8, 8]},
			"faces": {
				"north": {"uv": [10, 3, 15, 4], "rotation": 90, "texture": "#1"},
				"east": {"uv": [10, 3, 15, 4], "rotation": 90, "texture": "#1"},
				"south": {"uv": [10, 3, 15, 4], "rotation": 90, "texture": "#1"},
				"west": {"uv": [10, 3, 15, 4], "rotation": 90, "texture": "#1"},
				"up": {"uv": [10, 3, 11, 3.999], "rotation": 270, "texture": "#1"},
				"down": {"uv": [14, 3, 15, 4], "rotation": 180, "texture": "#1"}
			}
		},
		{
			"name": "swordPiece19",
			"from": [7.75, 9, 8.5],
			"to": [8.25, 11.5, 9],
			"rotation": {"angle": -45, "axis": "x", "origin": [8, 8, 8]},
			"faces": {
				"north": {"uv": [11, 2, 16, 3], "rotation": 90, "texture": "#1"},
				"east": {"uv": [11, 2, 16, 3], "rotation": 90, "texture": "#1"},
				"south": {"uv": [9, 8, 10, 9], "rotation": 90, "texture": "#1"},
				"west": {"uv": [11, 2, 16, 3], "rotation": 90, "texture": "#1"},
				"up": {"uv": [11, 2, 12, 3], "rotation": 270, "texture": "#1"},
				"down": {"uv": [15, 2, 16, 3], "rotation": 180, "texture": "#1"}
			}
		},
		{
			"name": "swordPiece20",
			"from": [7.75, 9, 8],
			"to": [8.25, 11, 8.5],
			"rotation": {"angle": -45, "axis": "x", "origin": [8, 8, 8]},
			"faces": {
				"north": {"uv": [12, 1, 16, 2], "rotation": 90, "texture": "#1"},
				"east": {"uv": [12, 1, 16, 2], "rotation": 90, "texture": "#1"},
				"west": {"uv": [12, 1, 16, 2], "rotation": 90, "texture": "#1"},
				"up": {"uv": [12, 1, 13, 2], "rotation": 270, "texture": "#1"},
				"down": {"uv": [15, 1, 16, 2], "rotation": 180, "texture": "#1"}
			}
		},
		{
			"name": "swordPiece21",
			"from": [7.75, 9, 7.5],
			"to": [8.25, 10.5, 8],
			"rotation": {"angle": -45, "axis": "x", "origin": [8, 8, 8]},
			"faces": {
				"north": {"uv": [13, 0, 16, 1], "rotation": 270, "texture": "#1"},
				"east": {"uv": [13, 0, 16, 1], "rotation": 270, "texture": "#1"},
				"west": {"uv": [13, 0, 16, 1], "rotation": 270, "texture": "#1"},
				"up": {"uv": [13, 0, 14, 1], "rotation": 270, "texture": "#1"},
				"down": {"uv": [15, 0, 16, 1], "rotation": 180, "texture": "#1"}
			}
		},
		{
			"name": "swordPiece4",
			"from": [10.75, 15.5, 14],
			"to": [11.25, 17, 15.5],
			"rotation": {"angle": -45, "axis": "x", "origin": [8, 8, 8]},
			"faces": {
				"north": {"uv": [0, 13, 3, 14], "rotation": 90, "texture": "#1"},
				"east": {"uv": [0, 13, 3, 16], "rotation": 90, "texture": "#1"},
				"south": {"uv": [0, 15, 3, 16], "rotation": 180, "texture": "#1"},
				"west": {"uv": [3, 13, 0, 16], "rotation": 270, "texture": "#1"},
				"up": {"uv": [0, 13, 1, 16], "texture": "#1"},
				"down": {"uv": [2, 13, 3, 16], "rotation": 180, "texture": "#1"}
			}
		},
		{
			"name": "swordPiece5",
			"from": [10.75, 14.5, 13.5],
			"to": [11.25, 16, 14],
			"rotation": {"angle": -45, "axis": "x", "origin": [8, 8, 8]},
			"faces": {
				"north": {"uv": [2, 12, 5, 13], "rotation": 90, "texture": "#1"},
				"east": {"uv": [2, 12, 5, 13], "rotation": 90, "texture": "#1"},
				"south": {"uv": [2, 12, 5, 13], "rotation": 90, "texture": "#1"},
				"west": {"uv": [2, 12, 5, 13], "rotation": 90, "texture": "#1"},
				"up": {"uv": [2, 12, 3, 13], "rotation": 90, "texture": "#1"},
				"down": {"uv": [4, 12, 5, 13], "rotation": 180, "texture": "#1"}
			}
		},
		{
			"name": "swordPiece6",
			"from": [10.75, 15, 14],
			"to": [11.25, 15.5, 14.5],
			"rotation": {"angle": -45, "axis": "x", "origin": [8, 8, 8]},
			"faces": {
				"east": {"uv": [4, 12, 5, 13], "rotation": 90, "texture": "#1"},
				"south": {"uv": [4, 12, 5, 13], "rotation": 90, "texture": "#1"},
				"west": {"uv": [4, 12, 5, 13], "rotation": 270, "texture": "#1"},
				"down": {"uv": [4, 12, 5, 13], "rotation": 180, "texture": "#1"}
			}
		},
		{
			"name": "swordPiece7",
			"from": [10.75, 13, 12.5],
			"to": [11.25, 15, 13],
			"rotation": {"angle": -45, "axis": "x", "origin": [8, 8, 8]},
			"faces": {
				"east": {"uv": [4, 10, 7.999, 11], "rotation": 90, "texture": "#1"},
				"west": {"uv": [4, 10, 7.999, 11], "rotation": 90, "texture": "#1"},
				"up": {"uv": [4, 10, 5, 11], "rotation": 270, "texture": "#1"},
				"down": {"uv": [7, 10, 8, 11], "rotation": 180, "texture": "#1"}
			}
		},
		{
			"name": "swordPiece8",
			"from": [10.75, 14.5, 11],
			"to": [11.25, 16, 11.5],
			"rotation": {"angle": -45, "axis": "x", "origin": [8, 8, 8]},
			"faces": {
				"north": {"uv": [2, 7, 5, 8], "rotation": 90, "texture": "#1"},
				"east": {"uv": [2, 7, 5, 8], "rotation": 90, "texture": "#1"},
				"south": {"uv": [2, 7, 5, 8], "rotation": 90, "texture": "#1"},
				"west": {"uv": [2, 7, 5, 8], "rotation": 90, "texture": "#1"},
				"up": {"uv": [2, 7, 3, 8], "rotation": 270, "texture": "#1"},
				"down": {"uv": [4, 7, 5, 8], "rotation": 180, "texture": "#1"}
			}
		},
		{
			"name": "swordPiece9",
			"from": [10.75, 15, 10.5],
			"to": [11.25, 16, 11],
			"rotation": {"angle": -45, "axis": "x", "origin": [8, 8, 8]},
			"faces": {
				"north": {"uv": [2, 6, 4, 7], "rotation": 270, "texture": "#1"},
				"east": {"uv": [2, 6, 4, 7], "rotation": 270, "texture": "#1"},
				"west": {"uv": [2, 6, 4, 7], "rotation": 90, "texture": "#1"},
				"up": {"uv": [2, 6, 3, 7], "rotation": 270, "texture": "#1"},
				"down": {"uv": [3, 6, 3.999, 6.999], "rotation": 180, "texture": "#1"}
			}
		},
		{
			"name": "swordPiece10",
			"from": [10.75, 12.5, 13],
			"to": [11.25, 15.5, 13.5],
			"rotation": {"angle": -45, "axis": "x", "origin": [8, 8, 8]},
			"faces": {
				"north": {"uv": [3, 11, 9, 12], "rotation": 90, "texture": "#1"},
				"east": {"uv": [3, 11, 9, 12], "rotation": 90, "texture": "#1"},
				"south": {"uv": [3, 11, 9, 12], "rotation": 90, "texture": "#1"},
				"west": {"uv": [3, 11, 9, 12], "rotation": 90, "texture": "#1"},
				"up": {"uv": [3, 11, 4, 12], "rotation": 270, "texture": "#1"},
				"down": {"uv": [5, 11, 6, 12], "rotation": 180, "texture": "#1"}
			}
		},
		{
			"name": "swordPiece11",
			"from": [10.75, 12, 14],
			"to": [11.25, 13, 14.5],
			"rotation": {"angle": -45, "axis": "x", "origin": [8, 8, 8]},
			"faces": {
				"east": {"uv": [8, 13, 10, 14], "rotation": 270, "texture": "#1"},
				"south": {"uv": [8, 13, 10, 14], "rotation": 270, "texture": "#1"},
				"west": {"uv": [8, 13, 10, 14], "rotation": 270, "texture": "#1"},
				"up": {"uv": [5, 11, 6, 12], "rotation": 270, "texture": "#1"},
				"down": {"uv": [5, 11, 6, 12], "rotation": 180, "texture": "#1"}
			}
		},
		{
			"name": "swordPiece12",
			"from": [10.75, 12, 13.5],
			"to": [11.25, 14, 14],
			"rotation": {"angle": -45, "axis": "x", "origin": [8, 8, 8]},
			"faces": {
				"north": {"uv": [6, 12, 10, 13], "rotation": 90, "texture": "#1"},
				"east": {"uv": [6, 12, 10, 13], "rotation": 90, "texture": "#1"},
				"south": {"uv": [6, 12, 10, 13], "rotation": 90, "texture": "#1"},
				"west": {"uv": [6, 12, 10, 13], "rotation": 90, "texture": "#1"},
				"up": {"uv": [5, 11, 6, 12], "rotation": 270, "texture": "#1"},
				"down": {"uv": [5, 11, 6, 12], "rotation": 180, "texture": "#1"}
			}
		},
		{
			"name": "swordPiece13",
			"from": [10.75, 12.5, 12],
			"to": [11.25, 15.5, 12.5],
			"rotation": {"angle": -45, "axis": "x", "origin": [8, 8, 8]},
			"faces": {
				"east": {"uv": [3, 9, 9, 10], "rotation": 90, "texture": "#1"},
				"south": {"uv": [3, 9, 9, 10], "rotation": 90, "texture": "#1"},
				"west": {"uv": [3, 9, 9, 10], "rotation": 90, "texture": "#1"},
				"up": {"uv": [3, 9, 4, 10], "rotation": 270, "texture": "#1"},
				"down": {"uv": [8, 9, 9, 10], "rotation": 180, "texture": "#1"}
			}
		},
		{
			"name": "swordPiece14",
			"from": [10.75, 12, 11.5],
			"to": [11.25, 15.5, 12],
			"rotation": {"angle": -45, "axis": "x", "origin": [8, 8, 8]},
			"faces": {
				"north": {"uv": [3, 8, 10, 9], "rotation": 90, "texture": "#1"},
				"east": {"uv": [3, 8, 10, 9], "rotation": 90, "texture": "#1"},
				"south": {"uv": [3, 8, 10, 9], "rotation": 90, "texture": "#1"},
				"west": {"uv": [3, 8, 10, 9], "rotation": 90, "texture": "#1"},
				"up": {"uv": [3, 8, 4, 9], "rotation": 270, "texture": "#1"},
				"down": {"uv": [9, 8, 10, 9], "rotation": 180, "texture": "#1"}
			}
		},
		{
			"name": "swordPiece15",
			"from": [10.75, 11.5, 11],
			"to": [11.25, 14, 11.5],
			"rotation": {"angle": -45, "axis": "x", "origin": [8, 8, 8]},
			"faces": {
				"north": {"uv": [6, 7, 11, 8], "rotation": 90, "texture": "#1"},
				"east": {"uv": [6, 7, 11, 8], "rotation": 90, "texture": "#1"},
				"south": {"uv": [8, 5, 13, 6], "rotation": 90, "texture": "#1"},
				"west": {"uv": [6, 7, 11, 8], "rotation": 90, "texture": "#1"},
				"up": {"uv": [6, 7, 7, 8], "rotation": 270, "texture": "#1"},
				"down": {"uv": [10, 7, 11, 8], "rotation": 180, "texture": "#1"}
			}
		},
		{
			"name": "swordPiece16",
			"from": [10.75, 11, 10.5],
			"to": [11.25, 13.5, 11],
			"rotation": {"angle": -45, "axis": "x", "origin": [8, 8, 8]},
			"faces": {
				"north": {"uv": [7, 6, 12, 7], "rotation": 90, "texture": "#1"},
				"east": {"uv": [7, 6, 12, 7], "rotation": 90, "texture": "#1"},
				"south": {"uv": [7, 6, 12, 7], "rotation": 90, "texture": "#1"},
				"west": {"uv": [7, 6, 12, 7], "rotation": 90, "texture": "#1"},
				"up": {"uv": [7, 6, 8, 7], "rotation": 270, "texture": "#1"},
				"down": {"uv": [11, 6, 12, 7], "rotation": 180, "texture": "#1"}
			}
		},
		{
			"name": "swordPiece17",
			"from": [10.75, 10.5, 10],
			"to": [11.25, 13, 10.5],
			"rotation": {"angle": -45, "axis": "x", "origin": [8, 8, 8]},
			"faces": {
				"north": {"uv": [8, 5, 13, 6], "rotation": 90, "texture": "#1"},
				"east": {"uv": [8, 5, 13, 6], "rotation": 90, "texture": "#1"},
				"south": {"uv": [8, 5, 13, 6], "rotation": 90, "texture": "#1"},
				"west": {"uv": [8, 5, 13, 6], "rotation": 90, "texture": "#1"},
				"up": {"uv": [8, 5, 9, 6], "rotation": 270, "texture": "#1"},
				"down": {"uv": [12, 5, 13, 6], "rotation": 180, "texture": "#1"}
			}
		},
		{
			"name": "swordPiece18",
			"from": [10.75, 10, 9.5],
			"to": [11.25, 12.5, 10],
			"rotation": {"angle": -45, "axis": "x", "origin": [8, 8, 8]},
			"faces": {
				"north": {"uv": [9, 4, 14, 5], "rotation": 90, "texture": "#1"},
				"east": {"uv": [9, 4, 14, 5], "rotation": 90, "texture": "#1"},
				"south": {"uv": [9, 4, 14, 5], "rotation": 90, "texture": "#1"},
				"west": {"uv": [9, 4, 14, 5], "rotation": 90, "texture": "#1"},
				"up": {"uv": [9, 4, 10, 5], "rotation": 270, "texture": "#1"},
				"down": {"uv": [13, 4, 14, 5], "rotation": 180, "texture": "#1"}
			}
		},
		{
			"name": "swordPiece19",
			"from": [10.75, 9.5, 9],
			"to": [11.25, 12, 9.5],
			"rotation": {"angle": -45, "axis": "x", "origin": [8, 8, 8]},
			"faces": {
				"north": {"uv": [10, 3, 15, 4], "rotation": 90, "texture": "#1"},
				"east": {"uv": [10, 3, 15, 4], "rotation": 90, "texture": "#1"},
				"south": {"uv": [10, 3, 15, 4], "rotation": 90, "texture": "#1"},
				"west": {"uv": [10, 3, 15, 4], "rotation": 90, "texture": "#1"},
				"up": {"uv": [10, 3, 11, 3.999], "rotation": 270, "texture": "#1"},
				"down": {"uv": [14, 3, 15, 4], "rotation": 180, "texture": "#1"}
			}
		},
		{
			"name": "swordPiece20",
			"from": [10.75, 9, 8.5],
			"to": [11.25, 11.5, 9],
			"rotation": {"angle": -45, "axis": "x", "origin": [8, 8, 8]},
			"faces": {
				"north": {"uv": [11, 2, 16, 3], "rotation": 90, "texture": "#1"},
				"east": {"uv": [11, 2, 16, 3], "rotation": 90, "texture": "#1"},
				"south": {"uv": [9, 8, 10, 9], "rotation": 90, "texture": "#1"},
				"west": {"uv": [11, 2, 16, 3], "rotation": 90, "texture": "#1"},
				"up": {"uv": [11, 2, 12, 3], "rotation": 270, "texture": "#1"},
				"down": {"uv": [15, 2, 16, 3], "rotation": 180, "texture": "#1"}
			}
		},
		{
			"name": "swordPiece21",
			"from": [10.75, 9, 8],
			"to": [11.25, 11, 8.5],
			"rotation": {"angle": -45, "axis": "x", "origin": [8, 8, 8]},
			"faces": {
				"north": {"uv": [12, 1, 16, 2], "rotation": 90, "texture": "#1"},
				"east": {"uv": [12, 1, 16, 2], "rotation": 90, "texture": "#1"},
				"west": {"uv": [12, 1, 16, 2], "rotation": 90, "texture": "#1"},
				"up": {"uv": [12, 1, 13, 2], "rotation": 270, "texture": "#1"},
				"down": {"uv": [15, 1, 16, 2], "rotation": 180, "texture": "#1"}
			}
		},
		{
			"name": "swordPiece22",
			"from": [10.75, 9, 7.5],
			"to": [11.25, 10.5, 8],
			"rotation": {"angle": -45, "axis": "x", "origin": [8, 8, 8]},
			"faces": {
				"north": {"uv": [13, 0, 16, 1], "rotation": 270, "texture": "#1"},
				"east": {"uv": [13, 0, 16, 1], "rotation": 270, "texture": "#1"},
				"west": {"uv": [13, 0, 16, 1], "rotation": 270, "texture": "#1"},
				"up": {"uv": [13, 0, 14, 1], "rotation": 270, "texture": "#1"},
				"down": {"uv": [15, 0, 16, 1], "rotation": 180, "texture": "#1"}
			}
		},
		{
			"name": "swordPiece5",
			"from": [13.75, 15.5, 14],
			"to": [14.25, 17, 15.5],
			"rotation": {"angle": -45, "axis": "x", "origin": [8, 8, 8]},
			"faces": {
				"north": {"uv": [0, 13, 3, 14], "rotation": 90, "texture": "#1"},
				"east": {"uv": [0, 13, 3, 16], "rotation": 90, "texture": "#1"},
				"south": {"uv": [0, 15, 3, 16], "rotation": 180, "texture": "#1"},
				"west": {"uv": [3, 13, 0, 16], "rotation": 270, "texture": "#1"},
				"up": {"uv": [0, 13, 1, 16], "texture": "#1"},
				"down": {"uv": [2, 13, 3, 16], "rotation": 180, "texture": "#1"}
			}
		},
		{
			"name": "swordPiece7",
			"from": [13.75, 15, 14],
			"to": [14.25, 15.5, 14.5],
			"rotation": {"angle": -45, "axis": "x", "origin": [8, 8, 8]},
			"faces": {
				"east": {"uv": [4, 12, 5, 13], "rotation": 90, "texture": "#1"},
				"south": {"uv": [4, 12, 5, 13], "rotation": 90, "texture": "#1"},
				"west": {"uv": [4, 12, 5, 13], "rotation": 270, "texture": "#1"},
				"down": {"uv": [4, 12, 5, 13], "rotation": 180, "texture": "#1"}
			}
		},
		{
			"name": "swordPiece8",
			"from": [13.75, 13, 12.5],
			"to": [14.25, 15, 13],
			"rotation": {"angle": -45, "axis": "x", "origin": [8, 8, 8]},
			"faces": {
				"east": {"uv": [4, 10, 7.999, 11], "rotation": 90, "texture": "#1"},
				"west": {"uv": [4, 10, 7.999, 11], "rotation": 90, "texture": "#1"},
				"up": {"uv": [4, 10, 5, 11], "rotation": 270, "texture": "#1"},
				"down": {"uv": [7, 10, 8, 11], "rotation": 180, "texture": "#1"}
			}
		},
		{
			"name": "swordPiece9",
			"from": [13.75, 14.5, 11],
			"to": [14.25, 16, 11.5],
			"rotation": {"angle": -45, "axis": "x", "origin": [8, 8, 8]},
			"faces": {
				"north": {"uv": [2, 7, 5, 8], "rotation": 90, "texture": "#1"},
				"east": {"uv": [2, 7, 5, 8], "rotation": 90, "texture": "#1"},
				"south": {"uv": [2, 7, 5, 8], "rotation": 90, "texture": "#1"},
				"west": {"uv": [2, 7, 5, 8], "rotation": 90, "texture": "#1"},
				"up": {"uv": [2, 7, 3, 8], "rotation": 270, "texture": "#1"},
				"down": {"uv": [4, 7, 5, 8], "rotation": 180, "texture": "#1"}
			}
		},
		{
			"name": "swordPiece10",
			"from": [13.75, 15, 10.5],
			"to": [14.25, 16, 11],
			"rotation": {"angle": -45, "axis": "x", "origin": [8, 8, 8]},
			"faces": {
				"north": {"uv": [2, 6, 4, 7], "rotation": 270, "texture": "#1"},
				"east": {"uv": [2, 6, 4, 7], "rotation": 270, "texture": "#1"},
				"west": {"uv": [2, 6, 4, 7], "rotation": 90, "texture": "#1"},
				"up": {"uv": [2, 6, 3, 7], "rotation": 270, "texture": "#1"},
				"down": {"uv": [3, 6, 3.999, 6.999], "rotation": 180, "texture": "#1"}
			}
		},
		{
			"name": "swordPiece11",
			"from": [13.75, 12.5, 13],
			"to": [14.25, 15.5, 13.5],
			"rotation": {"angle": -45, "axis": "x", "origin": [8, 8, 8]},
			"faces": {
				"north": {"uv": [3, 11, 9, 12], "rotation": 90, "texture": "#1"},
				"east": {"uv": [3, 11, 9, 12], "rotation": 90, "texture": "#1"},
				"south": {"uv": [3, 11, 9, 12], "rotation": 90, "texture": "#1"},
				"west": {"uv": [3, 11, 9, 12], "rotation": 90, "texture": "#1"},
				"up": {"uv": [3, 11, 4, 12], "rotation": 270, "texture": "#1"},
				"down": {"uv": [5, 11, 6, 12], "rotation": 180, "texture": "#1"}
			}
		},
		{
			"name": "swordPiece12",
			"from": [13.75, 12, 14],
			"to": [14.25, 13, 14.5],
			"rotation": {"angle": -45, "axis": "x", "origin": [8, 8, 8]},
			"faces": {
				"east": {"uv": [8, 13, 10, 14], "rotation": 270, "texture": "#1"},
				"south": {"uv": [8, 13, 10, 14], "rotation": 270, "texture": "#1"},
				"west": {"uv": [8, 13, 10, 14], "rotation": 270, "texture": "#1"},
				"up": {"uv": [5, 11, 6, 12], "rotation": 270, "texture": "#1"},
				"down": {"uv": [5, 11, 6, 12], "rotation": 180, "texture": "#1"}
			}
		},
		{
			"name": "swordPiece13",
			"from": [13.75, 12, 13.5],
			"to": [14.25, 14, 14],
			"rotation": {"angle": -45, "axis": "x", "origin": [8, 8, 8]},
			"faces": {
				"north": {"uv": [6, 12, 10, 13], "rotation": 90, "texture": "#1"},
				"east": {"uv": [6, 12, 10, 13], "rotation": 90, "texture": "#1"},
				"south": {"uv": [6, 12, 10, 13], "rotation": 90, "texture": "#1"},
				"west": {"uv": [6, 12, 10, 13], "rotation": 90, "texture": "#1"},
				"up": {"uv": [5, 11, 6, 12], "rotation": 270, "texture": "#1"},
				"down": {"uv": [5, 11, 6, 12], "rotation": 180, "texture": "#1"}
			}
		},
		{
			"name": "swordPiece14",
			"from": [13.75, 12.5, 12],
			"to": [14.25, 15.5, 12.5],
			"rotation": {"angle": -45, "axis": "x", "origin": [8, 8, 8]},
			"faces": {
				"east": {"uv": [3, 9, 9, 10], "rotation": 90, "texture": "#1"},
				"south": {"uv": [3, 9, 9, 10], "rotation": 90, "texture": "#1"},
				"west": {"uv": [3, 9, 9, 10], "rotation": 90, "texture": "#1"},
				"up": {"uv": [3, 9, 4, 10], "rotation": 270, "texture": "#1"},
				"down": {"uv": [8, 9, 9, 10], "rotation": 180, "texture": "#1"}
			}
		},
		{
			"name": "swordPiece15",
			"from": [13.75, 12, 11.5],
			"to": [14.25, 15.5, 12],
			"rotation": {"angle": -45, "axis": "x", "origin": [8, 8, 8]},
			"faces": {
				"north": {"uv": [3, 8, 10, 9], "rotation": 90, "texture": "#1"},
				"east": {"uv": [3, 8, 10, 9], "rotation": 90, "texture": "#1"},
				"south": {"uv": [3, 8, 10, 9], "rotation": 90, "texture": "#1"},
				"west": {"uv": [3, 8, 10, 9], "rotation": 90, "texture": "#1"},
				"up": {"uv": [3, 8, 4, 9], "rotation": 270, "texture": "#1"},
				"down": {"uv": [9, 8, 10, 9], "rotation": 180, "texture": "#1"}
			}
		},
		{
			"name": "swordPiece16",
			"from": [13.75, 11.5, 11],
			"to": [14.25, 14, 11.5],
			"rotation": {"angle": -45, "axis": "x", "origin": [8, 8, 8]},
			"faces": {
				"north": {"uv": [6, 7, 11, 8], "rotation": 90, "texture": "#1"},
				"east": {"uv": [6, 7, 11, 8], "rotation": 90, "texture": "#1"},
				"south": {"uv": [8, 5, 13, 6], "rotation": 90, "texture": "#1"},
				"west": {"uv": [6, 7, 11, 8], "rotation": 90, "texture": "#1"},
				"up": {"uv": [6, 7, 7, 8], "rotation": 270, "texture": "#1"},
				"down": {"uv": [10, 7, 11, 8], "rotation": 180, "texture": "#1"}
			}
		},
		{
			"name": "swordPiece17",
			"from": [13.75, 11, 10.5],
			"to": [14.25, 13.5, 11],
			"rotation": {"angle": -45, "axis": "x", "origin": [8, 8, 8]},
			"faces": {
				"north": {"uv": [7, 6, 12, 7], "rotation": 90, "texture": "#1"},
				"east": {"uv": [7, 6, 12, 7], "rotation": 90, "texture": "#1"},
				"south": {"uv": [7, 6, 12, 7], "rotation": 90, "texture": "#1"},
				"west": {"uv": [7, 6, 12, 7], "rotation": 90, "texture": "#1"},
				"up": {"uv": [7, 6, 8, 7], "rotation": 270, "texture": "#1"},
				"down": {"uv": [11, 6, 12, 7], "rotation": 180, "texture": "#1"}
			}
		},
		{
			"name": "swordPiece18",
			"from": [13.75, 10.5, 10],
			"to": [14.25, 13, 10.5],
			"rotation": {"angle": -45, "axis": "x", "origin": [8, 8, 8]},
			"faces": {
				"north": {"uv": [8, 5, 13, 6], "rotation": 90, "texture": "#1"},
				"east": {"uv": [8, 5, 13, 6], "rotation": 90, "texture": "#1"},
				"south": {"uv": [8, 5, 13, 6], "rotation": 90, "texture": "#1"},
				"west": {"uv": [8, 5, 13, 6], "rotation": 90, "texture": "#1"},
				"up": {"uv": [8, 5, 9, 6], "rotation": 270, "texture": "#1"},
				"down": {"uv": [12, 5, 13, 6], "rotation": 180, "texture": "#1"}
			}
		},
		{
			"name": "swordPiece19",
			"from": [13.75, 10, 9.5],
			"to": [14.25, 12.5, 10],
			"rotation": {"angle": -45, "axis": "x", "origin": [8, 8, 8]},
			"faces": {
				"north": {"uv": [9, 4, 14, 5], "rotation": 90, "texture": "#1"},
				"east": {"uv": [9, 4, 14, 5], "rotation": 90, "texture": "#1"},
				"south": {"uv": [9, 4, 14, 5], "rotation": 90, "texture": "#1"},
				"west": {"uv": [9, 4, 14, 5], "rotation": 90, "texture": "#1"},
				"up": {"uv": [9, 4, 10, 5], "rotation": 270, "texture": "#1"},
				"down": {"uv": [13, 4, 14, 5], "rotation": 180, "texture": "#1"}
			}
		},
		{
			"name": "swordPiece20",
			"from": [13.75, 9.5, 9],
			"to": [14.25, 12, 9.5],
			"rotation": {"angle": -45, "axis": "x", "origin": [8, 8, 8]},
			"faces": {
				"north": {"uv": [10, 3, 15, 4], "rotation": 90, "texture": "#1"},
				"east": {"uv": [10, 3, 15, 4], "rotation": 90, "texture": "#1"},
				"south": {"uv": [10, 3, 15, 4], "rotation": 90, "texture": "#1"},
				"west": {"uv": [10, 3, 15, 4], "rotation": 90, "texture": "#1"},
				"up": {"uv": [10, 3, 11, 3.999], "rotation": 270, "texture": "#1"},
				"down": {"uv": [14, 3, 15, 4], "rotation": 180, "texture": "#1"}
			}
		},
		{
			"name": "swordPiece21",
			"from": [13.75, 9, 8.5],
			"to": [14.25, 11.5, 9],
			"rotation": {"angle": -45, "axis": "x", "origin": [8, 8, 8]},
			"faces": {
				"north": {"uv": [11, 2, 16, 3], "rotation": 90, "texture": "#1"},
				"east": {"uv": [11, 2, 16, 3], "rotation": 90, "texture": "#1"},
				"south": {"uv": [9, 8, 10, 9], "rotation": 90, "texture": "#1"},
				"west": {"uv": [11, 2, 16, 3], "rotation": 90, "texture": "#1"},
				"up": {"uv": [11, 2, 12, 3], "rotation": 270, "texture": "#1"},
				"down": {"uv": [15, 2, 16, 3], "rotation": 180, "texture": "#1"}
			}
		},
		{
			"name": "swordPiece22",
			"from": [13.75, 9, 8],
			"to": [14.25, 11, 8.5],
			"rotation": {"angle": -45, "axis": "x", "origin": [8, 8, 8]},
			"faces": {
				"north": {"uv": [12, 1, 16, 2], "rotation": 90, "texture": "#1"},
				"east": {"uv": [12, 1, 16, 2], "rotation": 90, "texture": "#1"},
				"west": {"uv": [12, 1, 16, 2], "rotation": 90, "texture": "#1"},
				"up": {"uv": [12, 1, 13, 2], "rotation": 270, "texture": "#1"},
				"down": {"uv": [15, 1, 16, 2], "rotation": 180, "texture": "#1"}
			}
		},
		{
			"name": "swordPiece23",
			"from": [13.75, 9, 7.5],
			"to": [14.25, 10.5, 8],
			"rotation": {"angle": -45, "axis": "x", "origin": [8, 8, 8]},
			"faces": {
				"north": {"uv": [13, 0, 16, 1], "rotation": 270, "texture": "#1"},
				"east": {"uv": [13, 0, 16, 1], "rotation": 270, "texture": "#1"},
				"west": {"uv": [13, 0, 16, 1], "rotation": 270, "texture": "#1"},
				"up": {"uv": [13, 0, 14, 1], "rotation": 270, "texture": "#1"},
				"down": {"uv": [15, 0, 16, 1], "rotation": 180, "texture": "#1"}
			}
		},
		{
			"name": "swordPiece6",
			"from": [13.75, 14.5, 13.5],
			"to": [14.25, 16, 14],
			"rotation": {"angle": -45, "axis": "x", "origin": [8, 8, 8]},
			"faces": {
				"north": {"uv": [2, 12, 5, 13], "rotation": 90, "texture": "#1"},
				"east": {"uv": [2, 12, 5, 13], "rotation": 90, "texture": "#1"},
				"south": {"uv": [2, 12, 5, 13], "rotation": 90, "texture": "#1"},
				"west": {"uv": [2, 12, 5, 13], "rotation": 90, "texture": "#1"},
				"up": {"uv": [2, 12, 3, 13], "rotation": 90, "texture": "#1"},
				"down": {"uv": [4, 12, 5, 13], "rotation": 180, "texture": "#1"}
			}
		}
	],
	"groups": [0,
		{
			"name": "rack",
			"origin": [8, 8, 8],
			"children": [1, 2, 3, 4, 5, 6, 7, 8, 9, 10, 11, 12, 13, 14]
		},
		{
			"name": "chest",
			"origin": [8, 8, 8],
			"children": [15, 16, 17, 18, 19, 20, 21, 22, 23, 24, 25, 26, 27, 28, 29]
		},
		{
			"name": "sword1",
			"origin": [8, 8, 8],
			"children": [30, 31, 32, 33, 34, 35, 36, 37, 38, 39, 40, 41, 42, 43, 44, 45, 46, 47, 48]
		},
		{
			"name": "sword2",
			"origin": [8, 8, 8],
			"children": [49, 50, 51, 52, 53, 54, 55, 56, 57, 58, 59, 60, 61, 62, 63, 64, 65, 66, 67]
		},
		{
			"name": "sword3",
			"origin": [8, 8, 8],
			"children": [68, 69, 70, 71, 72, 73, 74, 75, 76, 77, 78, 79, 80, 81, 82, 83, 84, 85, 86]
		},
		{
			"name": "sword4",
			"origin": [8, 8, 8],
			"children": [87, 88, 89, 90, 91, 92, 93, 94, 95, 96, 97, 98, 99, 100, 101, 102, 103, 104, 105]
		},
		{
			"name": "sword5",
			"origin": [8, 8, 8],
			"children": [106, 107, 108, 109, 110, 111, 112, 113, 114, 115, 116, 117, 118, 119, 120, 121, 122, 123, 124]
		}
	]
}