{
	"credit": "Made with Blockbench",
	"ambientocclusion": false,
	"textures": {
		"5": "minecolonies:blocks/chicken",
		"7": "minecraft:item/egg",
		"14": "minecraft:entity/chest/normal",
		"15": "minecraft:item/bucket",
		"16": "minecraft:block/oak_planks",
		"17": "minecraft:block/water_still",
		"18": "minecraft:block/tall_grass_top",
		"particle": "minecraft:block/oak_planks"
	},
	"elements": [
		{
			"name": "egg",
			"from": [12, 3, 13],
			"to": [14, 5, 13.011],
			"rotation": {"angle": 0, "axis": "y", "origin": [8.5, 8, 11]},
			"faces": {
				"north": {"uv": [0, 0, 16, 16], "texture": "#7"},
				"south": {"uv": [0, 0, 16, 16], "texture": "#7"}
			}
		},
		{
			"name": "egg",
			"from": [10.5, 3, 13],
			"to": [12.5, 5, 13.011],
			"rotation": {"angle": 0, "axis": "y", "origin": [7, 8, 11]},
			"faces": {
				"north": {"uv": [0, 0, 16, 16], "texture": "#7"},
				"south": {"uv": [0, 0, 16, 16], "texture": "#7"}
			}
		},
		{
			"name": "egg",
			"from": [10.5, 3, 11.5],
			"to": [12.5, 5, 11.511],
			"rotation": {"angle": 0, "axis": "y", "origin": [7, 8, 9.5]},
			"faces": {
				"north": {"uv": [0, 0, 16, 16], "texture": "#7"},
				"south": {"uv": [0, 0, 16, 16], "texture": "#7"}
			}
		},
		{
			"name": "egg",
			"from": [10.5, 3, 10],
			"to": [12.5, 5, 10.011],
			"rotation": {"angle": 0, "axis": "y", "origin": [7, 8, 8]},
			"faces": {
				"north": {"uv": [0, 0, 16, 16], "texture": "#7"},
				"south": {"uv": [0, 0, 16, 16], "texture": "#7"}
			}
		},
		{
			"name": "egg",
			"from": [9, 3, 13],
			"to": [11, 5, 13.011],
			"rotation": {"angle": 0, "axis": "y", "origin": [5.5, 8, 11]},
			"faces": {
				"north": {"uv": [0, 0, 16, 16], "texture": "#7"},
				"south": {"uv": [0, 0, 16, 16], "texture": "#7"}
			}
		},
		{
			"name": "egg",
			"from": [9, 3, 11.5],
			"to": [11, 5, 11.511],
			"rotation": {"angle": 0, "axis": "y", "origin": [5.5, 8, 9.5]},
			"faces": {
				"north": {"uv": [0, 0, 16, 16], "texture": "#7"},
				"south": {"uv": [0, 0, 16, 16], "texture": "#7"}
			}
		},
		{
			"name": "egg",
			"from": [9, 3, 10],
			"to": [11, 5, 10.011],
			"rotation": {"angle": 0, "axis": "y", "origin": [5.5, 8, 8]},
			"faces": {
				"north": {"uv": [0, 0, 16, 16], "texture": "#7"},
				"south": {"uv": [0, 0, 16, 16], "texture": "#7"}
			}
		},
		{
			"name": "egg",
			"from": [13, 3, 9],
			"to": [13.011, 5, 11],
			"rotation": {"angle": 0, "axis": "y", "origin": [8.5, 8, 8]},
			"faces": {
				"east": {"uv": [0, 0, 16, 16], "texture": "#7"},
				"west": {"uv": [0, 0, 16, 16], "texture": "#7"}
			}
		},
		{
			"name": "egg",
			"from": [13, 3, 10.5],
			"to": [13.011, 5, 12.5],
			"rotation": {"angle": 0, "axis": "y", "origin": [8.5, 8, 9.5]},
			"faces": {
				"east": {"uv": [0, 0, 16, 16], "texture": "#7"},
				"west": {"uv": [0, 0, 16, 16], "texture": "#7"}
			}
		},
		{
			"name": "egg",
			"from": [13, 3, 12],
			"to": [13.011, 5, 14],
			"rotation": {"angle": 0, "axis": "y", "origin": [8.5, 8, 11]},
			"faces": {
				"east": {"uv": [0, 0, 16, 16], "texture": "#7"},
				"west": {"uv": [0, 0, 16, 16], "texture": "#7"}
			}
		},
		{
			"name": "egg",
			"from": [11.5, 3, 12],
			"to": [11.511, 5, 14],
			"rotation": {"angle": 0, "axis": "y", "origin": [7, 8, 11]},
			"faces": {
				"east": {"uv": [0, 0, 16, 16], "texture": "#7"},
				"west": {"uv": [0, 0, 16, 16], "texture": "#7"}
			}
		},
		{
			"name": "egg",
			"from": [11.5, 3, 10.5],
			"to": [11.511, 5, 12.5],
			"rotation": {"angle": 0, "axis": "y", "origin": [7, 8, 9.5]},
			"faces": {
				"east": {"uv": [0, 0, 16, 16], "texture": "#7"},
				"west": {"uv": [0, 0, 16, 16], "texture": "#7"}
			}
		},
		{
			"name": "egg",
			"from": [11.5, 3, 9],
			"to": [11.511, 5, 11],
			"rotation": {"angle": 0, "axis": "y", "origin": [7, 8, 8]},
			"faces": {
				"east": {"uv": [0, 0, 16, 16], "texture": "#7"},
				"west": {"uv": [0, 0, 16, 16], "texture": "#7"}
			}
		},
		{
			"name": "egg",
			"from": [10, 3, 12],
			"to": [10.011, 5, 14],
			"rotation": {"angle": 0, "axis": "y", "origin": [5.5, 8, 11]},
			"faces": {
				"east": {"uv": [0, 0, 16, 16], "texture": "#7"},
				"west": {"uv": [0, 0, 16, 16], "texture": "#7"}
			}
		},
		{
			"name": "egg",
			"from": [10, 3, 10.5],
			"to": [10.011, 5, 12.5],
			"rotation": {"angle": 0, "axis": "y", "origin": [5.5, 8, 9.5]},
			"faces": {
				"east": {"uv": [0, 0, 16, 16], "texture": "#7"},
				"west": {"uv": [0, 0, 16, 16], "texture": "#7"}
			}
		},
		{
			"name": "egg",
			"from": [10, 3, 9],
			"to": [10.011, 5, 11],
			"rotation": {"angle": 0, "axis": "y", "origin": [5.5, 8, 8]},
			"faces": {
				"east": {"uv": [0, 0, 16, 16], "texture": "#7"},
				"west": {"uv": [0, 0, 16, 16], "texture": "#7"}
			}
		},
		{
			"name": "grass",
			"from": [0.3, 0.2, 9],
			"to": [6.9, 1.7, 13.8],
			"faces": {
				"north": {"uv": [1, 6.8824, 14.98111, 15.99919], "texture": "#18", "tintindex": 0},
				"east": {"uv": [1, 6.8824, 14.98111, 15.99919], "texture": "#18", "tintindex": 0},
				"south": {"uv": [1, 6.8824, 14.98111, 15.99919], "texture": "#18", "tintindex": 0},
				"west": {"uv": [1, 6.8824, 14.98111, 15.99919], "texture": "#18", "tintindex": 0},
				"up": {"uv": [0.99836, 7.06168, 14.85609, 15.99263], "rotation": 90, "texture": "#18", "tintindex": 0}
			}
		},
		{
			"name": "water",
			"from": [1, 1, 3],
			"to": [6, 1.5, 8],
			"faces": {
				"up": {"uv": [0, 0, 16, 16], "rotation": 270, "texture": "#17"},
				"down": {"uv": [6, 14, 11, 15], "rotation": 90, "texture": "#17"}
			}
		},
		{
			"name": "planks1",
			"from": [0, 0.5, 8.8],
			"to": [7, 1.5, 9],
			"faces": {
				"north": {"uv": [0, 3, 16, 8], "texture": "#16"},
				"east": {"uv": [12, 7, 15.999, 7.999], "rotation": 90, "texture": "#16"},
				"south": {"uv": [0, 3, 16, 8], "texture": "#16"},
				"west": {"uv": [9, 7, 12.999, 8], "rotation": 90, "texture": "#16"},
				"up": {"uv": [0, 3, 16, 4], "texture": "#16"},
				"down": {"uv": [0, 3, 16, 4], "texture": "#16"}
			}
		},
		{
			"name": "planks2",
			"from": [0, 1.56, 8.8],
			"to": [7, 2.56, 9],
			"faces": {
				"north": {"uv": [0, 3, 16, 8], "texture": "#16"},
				"east": {"uv": [0, 7, 3.999, 7.999], "rotation": 90, "texture": "#16"},
				"south": {"uv": [0, 3, 16, 8], "texture": "#16"},
				"west": {"uv": [4, 7, 7.999, 8], "rotation": 90, "texture": "#16"},
				"up": {"uv": [0, 3, 16, 4], "texture": "#16"},
				"down": {"uv": [0, 3, 16, 4], "texture": "#16"}
			}
		},
		{
			"name": "planks3",
			"from": [7, 1.56, 9],
			"to": [7.2, 2.56, 14],
			"faces": {
				"north": {"uv": [8, 7, 11.998, 7.999], "rotation": 90, "texture": "#16"},
				"east": {"uv": [0, 3, 16, 8], "texture": "#16"},
				"south": {"uv": [8, 3, 11.998, 3.998], "rotation": 90, "texture": "#16"},
				"west": {"uv": [0, 3, 16, 8], "texture": "#16"},
				"up": {"uv": [0, 3, 16, 4], "rotation": 90, "texture": "#16"},
				"down": {"uv": [0, 3, 16, 4], "rotation": 90, "texture": "#16"}
			}
		},
		{
			"name": "planks4",
			"from": [7, 0.5, 9],
			"to": [7.2, 1.5, 14],
			"faces": {
				"north": {"uv": [0, 11, 3.999, 11.998], "rotation": 90, "texture": "#16"},
				"east": {"uv": [0, 3, 16, 8], "texture": "#16"},
				"south": {"uv": [12, 3, 15.999, 3.998], "rotation": 90, "texture": "#16"},
				"west": {"uv": [0, 3, 16, 8], "texture": "#16"},
				"up": {"uv": [0, 3, 16, 4], "rotation": 90, "texture": "#16"},
				"down": {"uv": [0, 3, 16, 4], "rotation": 90, "texture": "#16"}
			}
		},
		{
			"name": "planks5",
			"from": [0, 1.56, 9],
			"to": [0.2, 2.56, 13.8],
			"faces": {
				"east": {"uv": [0, 3, 16, 8], "texture": "#16"},
				"west": {"uv": [0, 3, 16, 8], "texture": "#16"},
				"up": {"uv": [0, 3, 16, 4], "rotation": 90, "texture": "#16"},
				"down": {"uv": [0, 3, 16, 4], "rotation": 90, "texture": "#16"}
			}
		},
		{
			"name": "planks6",
			"from": [0, 0.5, 9],
			"to": [0.2, 1.5, 13.8],
			"faces": {
				"east": {"uv": [0, 3, 16, 8], "texture": "#16"},
				"west": {"uv": [0, 3, 16, 8], "texture": "#16"},
				"up": {"uv": [0, 3, 16, 4], "rotation": 90, "texture": "#16"},
				"down": {"uv": [0, 3, 16, 4], "rotation": 90, "texture": "#16"}
			}
		},
		{
			"name": "planks7",
			"from": [0, 1.56, 13.8],
			"to": [7, 2.56, 14],
			"faces": {
				"north": {"uv": [0, 3, 16, 8], "texture": "#16"},
				"south": {"uv": [0, 3, 16, 8], "texture": "#16"},
				"west": {"uv": [4, 3, 7.999, 3.999], "rotation": 90, "texture": "#16"},
				"up": {"uv": [0, 3, 16, 4], "texture": "#16"},
				"down": {"uv": [0, 3, 16, 4], "texture": "#16"}
			}
		},
		{
			"name": "planks8",
			"from": [0, 0.5, 13.8],
			"to": [7, 1.5, 14],
			"faces": {
				"north": {"uv": [0, 3, 16, 8], "texture": "#16"},
				"south": {"uv": [0, 3, 16, 8], "texture": "#16"},
				"west": {"uv": [10, 3, 13.999, 3.999], "rotation": 90, "texture": "#16"},
				"up": {"uv": [0, 3, 16, 4], "texture": "#16"},
				"down": {"uv": [0, 3, 16, 4], "texture": "#16"}
			}
		},
		{
			"name": "planks9",
			"from": [0, 0, 9],
			"to": [7.2, 0.2, 14],
			"faces": {
				"north": {"uv": [0, 0, 16, 1], "texture": "#16"},
				"east": {"uv": [0, 0, 16, 1], "texture": "#16"},
				"south": {"uv": [0, 0, 16, 1], "texture": "#16"},
				"west": {"uv": [0, 0, 16, 1], "texture": "#16"},
				"up": {"uv": [0, 0, 16, 16], "texture": "#16"},
				"down": {"uv": [0, 0, 9.999, 15.998], "rotation": 90, "texture": "#16"}
			}
		},
		{
			"name": "planks10",
			"from": [0.2, 0, 9.46],
			"to": [0.4, 4, 10.46],
			"faces": {
				"north": {"uv": [0, 3, 16, 4], "rotation": 90, "texture": "#16"},
				"east": {"uv": [0, 3, 16, 8], "rotation": 90, "texture": "#16"},
				"south": {"uv": [0, 3, 16, 4], "rotation": 90, "texture": "#16"},
				"west": {"uv": [0, 3, 16, 8], "rotation": 270, "texture": "#16"},
				"up": {"uv": [6, 7, 10.198, 7.999], "rotation": 90, "texture": "#16"}
			}
		},
		{
			"name": "planks11",
			"from": [0.2, 0, 12.46],
			"to": [0.4, 4, 13.46],
			"faces": {
				"north": {"uv": [0, 7, 16, 8], "rotation": 90, "texture": "#16"},
				"east": {"uv": [0, 3, 16, 8], "rotation": 90, "texture": "#16"},
				"south": {"uv": [0, 11, 16, 11.999], "rotation": 90, "texture": "#16"},
				"west": {"uv": [0, 3, 16, 8], "rotation": 270, "texture": "#16"},
				"up": {"uv": [6, 7, 10.198, 7.999], "rotation": 90, "texture": "#16"}
			}
		},
		{
			"name": "planks12",
			"from": [6.8, 0, 12.46],
			"to": [7, 4, 13.46],
			"faces": {
				"north": {"uv": [0, 7, 16, 8], "rotation": 90, "texture": "#16"},
				"east": {"uv": [0, 3, 16, 8], "rotation": 90, "texture": "#16"},
				"south": {"uv": [0, 3, 16, 4], "rotation": 90, "texture": "#16"},
				"west": {"uv": [0, 3, 16, 8], "rotation": 270, "texture": "#16"},
				"up": {"uv": [6, 7, 10.198, 7.999], "rotation": 90, "texture": "#16"}
			}
		},
		{
			"name": "planks13",
			"from": [6.8, 0, 9.46],
			"to": [7, 4, 10.46],
			"faces": {
				"north": {"uv": [0, 7, 16, 8], "rotation": 90, "texture": "#16"},
				"east": {"uv": [0, 3, 16, 8], "rotation": 90, "texture": "#16"},
				"south": {"uv": [0, 3, 16, 4], "rotation": 90, "texture": "#16"},
				"west": {"uv": [0, 3, 16, 8], "rotation": 270, "texture": "#16"},
				"up": {"uv": [6, 7, 10.198, 7.999], "rotation": 90, "texture": "#16"}
			}
		},
		{
			"name": "chicken",
			"from": [2, 2, 10],
			"to": [4.5, 4, 12.5],
			"faces": {
				"north": {"uv": [2.8, 7.2, 5.3, 9.7], "texture": "#5"},
				"east": {"uv": [2.8, 7.2, 5.3, 9.7], "texture": "#5"},
				"south": {"uv": [2.8, 7.2, 5.3, 9.7], "texture": "#5"},
				"west": {"uv": [2.8, 7.2, 5.3, 9.7], "texture": "#5"},
				"up": {"uv": [2.8, 7.2, 5.3, 9.7], "texture": "#5"},
				"down": {"uv": [2.8, 7.2, 5.3, 9.7], "texture": "#5"}
			}
		},
		{
			"name": "chicken wing a",
			"from": [1.6, 2.5, 10.3],
			"to": [2, 4, 12.3],
			"faces": {
				"north": {"uv": [2.8, 7.2, 3.699, 9.7], "texture": "#5"},
				"south": {"uv": [2.8, 7.2, 3.699, 9.7], "texture": "#5"},
				"west": {"uv": [2.8, 7.2, 5.3, 9.7], "texture": "#5"},
				"up": {"uv": [2.8, 7.2, 3.699, 9.7], "texture": "#5"},
				"down": {"uv": [2.8, 7.2, 5.3, 9.7], "texture": "#5"}
			}
		},
		{
			"name": "chicken wing b",
			"from": [4.5, 2.5, 10.3],
			"to": [4.9, 4, 12.3],
			"faces": {
				"north": {"uv": [2.8, 7.2, 3.699, 9.7], "texture": "#5"},
				"east": {"uv": [2.8, 7.2, 5.3, 9.7], "texture": "#5"},
				"south": {"uv": [2.8, 7.2, 3.699, 9.7], "texture": "#5"},
				"up": {"uv": [2.8, 7.2, 3.699, 9.7], "texture": "#5"},
				"down": {"uv": [2.8, 7.2, 5.3, 9.7], "texture": "#5"}
			}
		},
		{
			"name": "chicken head",
			"from": [2.5, 4, 11.5],
			"to": [4, 5.5, 13],
			"faces": {
				"north": {"uv": [2.8, 7.2, 5.3, 9.7], "texture": "#5"},
				"east": {"uv": [2.8, 7.2, 5.3, 9.7], "texture": "#5"},
				"south": {"uv": [1.6, 4.8, 3.2, 7.2], "texture": "#5"},
				"west": {"uv": [2.8, 7.2, 5.3, 9.7], "texture": "#5"},
				"up": {"uv": [2.8, 7.2, 5.3, 9.7], "texture": "#5"},
				"down": {"uv": [2.8, 7.2, 5.3, 9.7], "texture": "#5"}
			}
		},
		{
			"name": "chicken mounth",
			"from": [2.5, 4.2, 13],
			"to": [4, 4.7, 14],
			"faces": {
				"east": {"uv": [6.4, 4.4, 8.9, 5.2], "texture": "#5"},
				"south": {"uv": [6.4, 4.4, 8.9, 5.2], "texture": "#5"},
				"west": {"uv": [6.4, 4.4, 8.9, 5.2], "texture": "#5"},
				"up": {"uv": [6.8, 4, 8.4, 5.2], "rotation": 180, "texture": "#5"},
				"down": {"uv": [6.4, 4.4, 8.9, 4.9], "texture": "#5"}
			}
		},
		{
			"name": "chicken idk what the name is",
			"from": [2.75, 3.5, 13],
			"to": [3.75, 4.5, 13.5],
			"faces": {
				"north": {"uv": [6.8, 5.2, 8.1, 6.8], "texture": "#5"},
				"east": {"uv": [6.8, 5.2, 8.1, 6.8], "texture": "#5"},
				"south": {"uv": [6.8, 5.2, 8.1, 6.8], "texture": "#5"},
				"west": {"uv": [6.8, 5.2, 8.1, 6.8], "texture": "#5"},
				"down": {"uv": [6.8, 5.2, 8.1, 6.8], "texture": "#5"}
			}
		},
		{
			"name": "planks14",
			"from": [0, 2.64, 13.8],
			"to": [7, 3.64, 14],
			"faces": {
				"north": {"uv": [0, 3, 16, 8], "texture": "#16"},
				"south": {"uv": [0, 3, 16, 8], "texture": "#16"},
				"west": {"uv": [0, 3, 3.999, 3.999], "rotation": 90, "texture": "#16"},
				"up": {"uv": [0, 3, 16, 4], "texture": "#16"},
				"down": {"uv": [0, 3, 16, 4], "texture": "#16"}
			}
		},
		{
			"name": "planks15",
			"from": [0, 2.64, 9],
			"to": [0.2, 3.64, 13.8],
			"faces": {
				"east": {"uv": [0, 3, 16, 8], "texture": "#16"},
				"west": {"uv": [0, 3, 16, 8], "texture": "#16"},
				"up": {"uv": [0, 3, 16, 4], "rotation": 90, "texture": "#16"},
				"down": {"uv": [0, 3, 16, 4], "rotation": 90, "texture": "#16"}
			}
		},
		{
			"name": "planks16",
			"from": [0, 2.64, 8.8],
			"to": [7, 3.64, 9],
			"faces": {
				"north": {"uv": [0, 3, 16, 8], "texture": "#16"},
				"east": {"uv": [7, 7, 10.999, 7.999], "rotation": 90, "texture": "#16"},
				"south": {"uv": [0, 3, 16, 8], "texture": "#16"},
				"west": {"uv": [0, 7, 3.999, 8], "rotation": 90, "texture": "#16"},
				"up": {"uv": [0, 3, 16, 4], "texture": "#16"},
				"down": {"uv": [0, 3, 16, 4], "texture": "#16"}
			}
		},
		{
			"name": "planks17",
			"from": [7, 2.64, 9],
			"to": [7.2, 3.64, 14],
			"faces": {
				"north": {"uv": [4, 7, 7.999, 7.999], "rotation": 90, "texture": "#16"},
				"east": {"uv": [0, 3, 16, 8], "texture": "#16"},
				"south": {"uv": [4, 3, 7.999, 3.999], "rotation": 90, "texture": "#16"},
				"west": {"uv": [0, 3, 16, 8], "texture": "#16"},
				"up": {"uv": [0, 3, 16, 4], "rotation": 90, "texture": "#16"},
				"down": {"uv": [0, 3, 16, 4], "rotation": 90, "texture": "#16"}
			}
		},
		{
			"name": "bucket",
			"from": [1, 0, 3],
			"to": [6, 0.5, 8],
			"faces": {
				"north": {"uv": [6, 14, 11, 15], "texture": "#15"},
				"east": {"uv": [6, 14, 11, 15], "texture": "#15"},
				"south": {"uv": [6, 14, 11, 15], "texture": "#15"},
				"west": {"uv": [6, 14, 11, 15], "texture": "#15"},
				"up": {"uv": [6, 14, 11, 15], "rotation": 270, "texture": "#15"},
				"down": {"uv": [6, 14, 11, 15], "rotation": 90, "texture": "#15"}
			}
		},
		{
			"name": "bucket2",
			"from": [1, 0.5, 8],
			"to": [6, 1.5, 8.5],
			"faces": {
				"north": {"uv": [4, 12, 12, 14], "texture": "#15"},
				"east": {"uv": [5, 14, 10, 15], "texture": "#15"},
				"south": {"uv": [4, 12, 12, 14], "texture": "#15"},
				"west": {"uv": [6, 14, 11, 15], "texture": "#15"},
				"down": {"uv": [6, 14, 11, 15], "rotation": 90, "texture": "#15"}
			}
		},
		{
			"name": "bucket 3",
			"from": [0.5, 0.5, 3],
			"to": [1, 1.5, 8],
			"faces": {
				"north": {"uv": [5, 14, 10, 15], "texture": "#15"},
				"east": {"uv": [4, 12, 12, 14], "texture": "#15"},
				"south": {"uv": [5, 14, 10, 15], "texture": "#15"},
				"west": {"uv": [4, 12, 12, 14], "texture": "#15"},
				"up": {"uv": [6, 14, 11, 15], "rotation": 180, "texture": "#15"},
				"down": {"uv": [6, 14, 11, 15], "rotation": 180, "texture": "#15"}
			}
		},
		{
			"name": "bucket4",
			"from": [1, 0.5, 2.5],
			"to": [6, 1.5, 3],
			"faces": {
				"north": {"uv": [4, 12, 12, 14], "texture": "#15"},
				"east": {"uv": [5, 14, 10, 15], "texture": "#15"},
				"south": {"uv": [4, 12, 12, 14], "texture": "#15"},
				"west": {"uv": [6, 14, 11, 15], "texture": "#15"},
				"up": {"uv": [6, 14, 11, 15], "rotation": 270, "texture": "#15"},
				"down": {"uv": [6, 14, 11, 15], "rotation": 90, "texture": "#15"}
			}
		},
		{
			"name": "bucket5",
			"from": [6, 0.5, 3],
			"to": [6.5, 1.5, 8],
			"faces": {
				"north": {"uv": [5, 14, 10, 15], "texture": "#15"},
				"east": {"uv": [4, 12, 12, 14], "texture": "#15"},
				"south": {"uv": [5, 14, 10, 15], "texture": "#15"},
				"west": {"uv": [4, 12, 12, 14], "texture": "#15"},
				"up": {"uv": [6, 14, 11, 15], "rotation": 180, "texture": "#15"},
				"down": {"uv": [6, 14, 11, 15], "rotation": 180, "texture": "#15"}
			}
		},
		{
			"name": "bucket6",
			"from": [6.3, 1.5, 2.8],
			"to": [6.8, 2.5, 8.2],
			"faces": {
				"east": {"uv": [2.6, 9, 13.4, 11], "texture": "#15"},
				"west": {"uv": [2.6, 9, 13.4, 11], "texture": "#15"},
				"up": {"uv": [6, 14, 11, 15], "rotation": 180, "texture": "#15"},
				"down": {"uv": [6, 14, 11, 15], "rotation": 180, "texture": "#15"}
			}
		},
		{
			"name": "bucket7",
			"from": [0, 1.5, 2.3],
			"to": [6.8, 2.5, 2.8],
			"faces": {
				"north": {"uv": [3, 10, 13, 12], "texture": "#15"},
				"east": {"uv": [5, 14, 10, 15], "texture": "#15"},
				"south": {"uv": [2.6, 9, 13.4, 11], "texture": "#15"},
				"west": {"uv": [6, 14, 11, 15], "texture": "#15"},
				"up": {"uv": [6, 14, 11, 15], "rotation": 270, "texture": "#15"},
				"down": {"uv": [6, 14, 11, 15], "rotation": 90, "texture": "#15"}
			}
		},
		{
			"name": "bucket8",
			"from": [6, 1.5, 2.8],
			"to": [6.3, 2.5, 3.2],
			"faces": {
				"south": {"uv": [5, 14, 10, 15], "texture": "#15"},
				"west": {"uv": [5, 14, 10, 15], "texture": "#15"},
				"up": {"uv": [6, 14, 11, 15], "rotation": 180, "texture": "#15"},
				"down": {"uv": [6, 14, 11, 15], "rotation": 180, "texture": "#15"}
			}
		},
		{
			"name": "bucket9",
			"from": [6, 1.5, 7.8],
			"to": [6.3, 2.5, 8],
			"faces": {
				"north": {"uv": [5, 14, 10, 15], "texture": "#15"},
				"west": {"uv": [5, 14, 10, 15], "texture": "#15"},
				"up": {"uv": [6, 14, 11, 15], "rotation": 180, "texture": "#15"}
			}
		},
		{
			"name": "bucket10",
			"from": [0.5, 1.5, 2.8],
			"to": [1, 2.5, 3.2],
			"faces": {
				"east": {"uv": [5, 14, 10, 15], "texture": "#15"},
				"south": {"uv": [5, 14, 10, 15], "texture": "#15"},
				"up": {"uv": [6, 14, 11, 15], "rotation": 180, "texture": "#15"},
				"down": {"uv": [6, 14, 11, 15], "rotation": 180, "texture": "#15"}
			}
		},
		{
			"name": "bucket11",
			"from": [0.5, 1.5, 7.8],
			"to": [1, 2.5, 8],
			"faces": {
				"north": {"uv": [5, 14, 10, 15], "texture": "#15"},
				"east": {"uv": [5, 14, 10, 15], "texture": "#15"},
				"up": {"uv": [6, 14, 11, 15], "rotation": 180, "texture": "#15"}
			}
		},
		{
			"name": "bucket12",
			"from": [0, 1.5, 2.8],
			"to": [0.5, 2.5, 8.2],
			"faces": {
				"east": {"uv": [2.6, 9, 13.4, 11], "texture": "#15"},
				"west": {"uv": [2.6, 9, 13.4, 11], "texture": "#15"},
				"up": {"uv": [6, 14, 11, 15], "rotation": 180, "texture": "#15"},
				"down": {"uv": [6, 14, 11, 15], "rotation": 180, "texture": "#15"}
			}
		},
		{
			"name": "bucket13",
			"from": [0, 1.5, 8],
			"to": [6.8, 2.5, 8.5],
			"faces": {
				"north": {"uv": [2.6, 9, 13.4, 11], "texture": "#15"},
				"east": {"uv": [5, 14, 10, 15], "texture": "#15"},
				"south": {"uv": [2.6, 9, 13.4, 11], "texture": "#15"},
				"west": {"uv": [6, 14, 11, 15], "texture": "#15"},
				"up": {"uv": [6, 14, 11, 15], "rotation": 270, "texture": "#15"},
				"down": {"uv": [6, 14, 11, 15], "rotation": 90, "texture": "#15"}
			}
		},
		{
			"name": "ChestLid",
			"from": [13, 7.25, 8],
			"to": [15, 14.25, 15],
			"rotation": {"angle": 45, "axis": "z", "origin": [18, 8, 11]},
			"faces": {
				"north": {"uv": [0, 3.5, 3.5, 4.75], "rotation": 270, "texture": "#14"},
				"east": {"uv": [7, 0, 10.5, 3.5], "texture": "#14"},
				"south": {"uv": [0, 3.5, 3.5, 4.75], "rotation": 90, "texture": "#14"},
				"west": {"uv": [3.5, 0, 7, 3.5], "rotation": 180, "texture": "#14"},
				"up": {"uv": [10.5, 3.5, 14, 4.75], "rotation": 270, "texture": "#14"},
				"down": {"uv": [3.5, 3.5, 7, 4.75], "rotation": 90, "texture": "#14"}
			}
		},
		{
			"name": "ChestLatch",
			"from": [12.2, 14.25, 11],
			"to": [14.2, 14.75, 12],
			"rotation": {"angle": 45, "axis": "z", "origin": [18, 8, 11]},
			"faces": {
				"north": {"uv": [0.75, 0.25, 1, 1.249], "rotation": 270, "texture": "#14"},
				"east": {"uv": [1, 0.25, 1.499, 0.5], "rotation": 180, "texture": "#14"},
				"south": {"uv": [1.25, 0.25, 1.5, 1.249], "rotation": 90, "texture": "#14"},
				"west": {"uv": [1, 1, 1.5, 1.2], "rotation": 180, "texture": "#14"},
				"up": {"uv": [1, 0.25, 1.498, 1.249], "rotation": 90, "texture": "#14"},
				"down": {"uv": [0.5, 0.25, 1, 1.19978], "rotation": 90, "texture": "#14"}
			}
		},
		{
			"name": "chest front",
			"from": [8, 0.01, 9],
			"to": [9, 3.91, 14],
			"faces": {
				"east": {"uv": [7.5, 5.25, 10, 7.75], "texture": "#14"},
				"west": {"uv": [11, 8.25, 13.5, 10.75], "rotation": 180, "texture": "#14"},
				"up": {"uv": [7.5, 7.75, 10, 8.25], "rotation": 90, "texture": "#14"}
			}
		},
		{
			"name": "chest back",
			"from": [14, 0.01, 9],
			"to": [15, 3.91, 14],
			"faces": {
				"east": {"uv": [4, 8.25, 6.5, 10.75], "texture": "#14"},
				"west": {"uv": [7.5, 5.25, 10, 7.75], "texture": "#14"},
				"up": {"uv": [7.5, 4.75, 10, 5.25], "rotation": 90, "texture": "#14"}
			}
		},
		{
			"name": "chest left",
			"from": [8, 0.01, 8],
			"to": [15, 3.91, 9],
			"faces": {
				"north": {"uv": [7, 8.25, 10.5, 10.75], "texture": "#14"},
				"east": {"uv": [6.5, 8.25, 7, 10.75], "texture": "#14"},
				"south": {"uv": [7.5, 5.25, 10, 7.75], "texture": "#14"},
				"west": {"uv": [10.5, 8.25, 11, 10.75], "texture": "#14"},
				"up": {"uv": [7, 4.75, 7.5, 8.25], "rotation": 90, "texture": "#14"}
			}
		},
		{
			"name": "chest right",
			"from": [8, 0.01, 14],
			"to": [15, 3.91, 15],
			"faces": {
				"north": {"uv": [7.5, 5.25, 10, 7.75], "texture": "#14"},
				"east": {"uv": [3.5, 8.25, 4, 10.75], "texture": "#14"},
				"south": {"uv": [7, 8.25, 10.5, 10.75], "texture": "#14"},
				"west": {"uv": [13.5, 8.25, 14, 10.75], "texture": "#14"},
				"up": {"uv": [10, 4.75, 10.5, 8.25], "rotation": 90, "texture": "#14"}
			}
		},
		{
			"name": "chest button",
			"from": [8, 0, 8],
			"to": [15, 0, 15],
			"faces": {
				"up": {"uv": [3.5, 0, 7, 3.375], "texture": "#14"},
				"down": {"uv": [7, 0, 10.5, 3.5], "texture": "#14"}
			}
		},
		{
			"name": "chest inside",
			"from": [9, 0.5, 9],
			"to": [14, 3.51, 14],
			"faces": {
				"up": {"uv": [7.5, 5.25, 10, 7.75], "texture": "#14"}
			}
		},
		{
			"name": "egg",
			"from": [12, 3, 10],
			"to": [14, 5, 10.011],
			"rotation": {"angle": 0, "axis": "y", "origin": [8.5, 8, 8]},
			"faces": {
				"north": {"uv": [0, 0, 16, 16], "texture": "#7"},
				"south": {"uv": [0, 0, 16, 16], "texture": "#7"}
			}
		},
		{
			"name": "egg",
			"from": [12, 3, 11.5],
			"to": [14, 5, 11.511],
			"rotation": {"angle": 0, "axis": "y", "origin": [8.5, 8, 9.5]},
			"faces": {
				"north": {"uv": [0, 0, 16, 16], "texture": "#7"},
				"south": {"uv": [0, 0, 16, 16], "texture": "#7"}
			}
		}
	],
	"groups": [
		{
			"name": "Eggs",
			"origin": [8, 8, 8],
			"children": [0, 1, 2, 3, 4, 5, 6, 7, 8, 9, 10, 11, 12, 13, 14, 15, 16, 17]
		},
		{
			"name": "blockhutfarmer",
			"origin": [8, 8, 8],
			"children": [
				{
					"name": "crate",
					"origin": [8, 8, 8],
					"children": [18, 19, 20, 21, 22, 23, 24, 25, 26, 27, 28, 29, 30, 31, 32, 33, 34, 35, 36, 37, 38, 39, 40]
				},
				{
					"name": "1",
					"origin": [8, 8, 8],
					"children": [41, 42, 43, 44, 45, 46, 47, 48, 49, 50, 51, 52, 53, 54]
				},
				{
					"name": "2",
					"origin": [8, 8, 8],
					"children": [55]
				}
			]
		},
		{
			"name": "chest_vanilla_large",
			"origin": [8, 8, 8],
			"children": [
				{
					"name": "ChestOpen2",
					"origin": [8, 8, 8],
					"children": [56, 57, 58, 59, 60, 61, 62, 63]
				}
			]
		}
	]
}