{
	"credit": "Made with Blockbench",
	"parent": "block/block",
	"ambientocclusion": false,
	"textures": {
		"0": "block/oak_sapling",
		"1": "block/spruce_sapling",
		"4": "block/oak_log",
		"5": "block/oak_log_top",
		"6": "item/iron_axe",
		"particle": "block/oak_log",
		"flowerpot": "block/flower_pot",
		"dirt": "block/dirt"
	},
	"elements": [
		{
			"name": "Log",
			"from": [8, 10, 14],
			"to": [16, 12, 16],
			"faces": {
				"north": {"uv": [0, 4, 8, 6], "texture": "#5"},
				"east": {"uv": [2, 6, 0, 4], "texture": "#4"},
				"south": {"uv": [8, 4, 16, 6], "texture": "#4"},
				"west": {"uv": [14, 4, 16, 6], "texture": "#5"},
				"up": {"uv": [8, 14, 16, 16], "texture": "#5"}
			}
		},
		{
			"name": "Log",
			"from": [3, 8, 14],
			"to": [14, 10, 16],
			"faces": {
				"north": {"uv": [2, 6, 13, 8], "texture": "#5"},
				"south": {"uv": [3, 6, 14, 8], "texture": "#4"},
				"west": {"uv": [14, 6, 16, 8], "texture": "#5"},
				"up": {"uv": [3, 14, 14, 16], "texture": "#5"}
			}
		},
		{
			"name": "Log",
			"from": [14, 10, 11],
			"to": [16, 12, 14],
			"faces": {
				"north": {"uv": [0, 4, 2, 6], "texture": "#4"},
				"east": {"uv": [5, 6, 2, 4], "texture": "#4"},
				"west": {"uv": [11, 4, 14, 6], "texture": "#5"},
				"up": {"uv": [14, 11, 16, 14], "texture": "#5"}
			}
		},
		{
			"name": "Log",
			"from": [14, 8, 0],
			"to": [16, 10, 16],
			"faces": {
				"north": {"uv": [0, 0, 2, 2], "texture": "#4"},
				"east": {"uv": [0, 0, 16, 2], "texture": "#4"},
				"south": {"uv": [0, 0, 2, 2], "texture": "#4"},
				"west": {"uv": [0, 2, 16, 4], "texture": "#5"},
				"up": {"uv": [14, 0, 16, 16], "texture": "#5"}
			}
		},
		{
			"name": "Log",
			"from": [0, 0.05, 0],
			"to": [16, 8.05, 16],
			"faces": {
				"north": {"uv": [0, 8, 16, 16], "texture": "#4"},
				"east": {"uv": [16, 16, 0, 8], "texture": "#4"},
				"south": {"uv": [0, 8, 16, 16], "texture": "#4"},
				"west": {"uv": [0, 8, 16, 16], "texture": "#4"},
				"up": {"uv": [0, 0, 16, 16], "texture": "#5"},
				"down": {"uv": [0, 0, 16, 16], "texture": "#5"}
			}
		},
		{
			"name": "Log4",
			"from": [-2, 0.01, -3],
			"to": [3, 6.01, 5],
			"rotation": {"angle": 45, "axis": "y", "origin": [0.5, 3, 1]},
			"faces": {
				"north": {"uv": [0, 0, 5, 6], "texture": "#4"},
				"east": {"uv": [0, 0, 8, 6], "texture": "#4"},
				"south": {"uv": [0, 0, 5, 6], "texture": "#4"},
				"west": {"uv": [0, 0, 8, 6], "texture": "#4"},
				"up": {"uv": [0, 0, 5, 8], "texture": "#4"},
				"down": {"uv": [0, 0, 16, 16], "texture": "#5"}
			}
		},
		{
			"name": "Log4",
			"from": [4, 0, -3],
			"to": [11, 6, 4],
			"rotation": {"angle": 0, "axis": "y", "origin": [6.5, 2, 0]},
			"faces": {
				"north": {"uv": [0, 0, 7, 6], "texture": "#4"},
				"east": {"uv": [0, 0, 7, 6], "texture": "#4"},
				"south": {"uv": [0, 0, 7, 6], "texture": "#4"},
				"west": {"uv": [0, 0, 7, 6], "texture": "#4"},
				"up": {"uv": [0, 0, 7, 7], "texture": "#4"},
				"down": {"uv": [0, 0, 16, 16], "texture": "#5"}
			}
		},
		{
			"name": "Log3",
			"from": [4, 0, 12],
			"to": [10, 5, 19],
			"rotation": {"angle": 0, "axis": "y", "origin": [6.5, 2, 15]},
			"faces": {
				"north": {"uv": [0, 0, 6, 5], "texture": "#4"},
				"east": {"uv": [0, 0, 7, 5], "texture": "#4"},
				"south": {"uv": [0, 0, 6, 5], "texture": "#4"},
				"west": {"uv": [0, 0, 7, 5], "texture": "#4"},
				"up": {"uv": [0, 0, 6, 7], "texture": "#4"},
				"down": {"uv": [0, 0, 16, 16], "texture": "#5"}
			}
		},
		{
			"name": "Log2",
			"from": [-3, 0, 12],
			"to": [2, 4, 18],
			"rotation": {"angle": -45, "axis": "y", "origin": [-0.5, 2, 15]},
			"faces": {
				"north": {"uv": [0, 0, 5, 4], "texture": "#4"},
				"east": {"uv": [0, 0, 6, 4], "texture": "#4"},
				"south": {"uv": [0, 0, 5, 4], "texture": "#4"},
				"west": {"uv": [0, 0, 6, 4], "texture": "#4"},
				"up": {"uv": [0, 0, 5, 6], "texture": "#4"},
				"down": {"uv": [0, 0, 16, 16], "texture": "#5"}
			}
		},
		{
			"name": "Log1",
			"from": [-3, 0, 5],
			"to": [2, 6, 11],
			"faces": {
				"north": {"uv": [0, 0, 5, 6], "texture": "#4"},
				"east": {"uv": [0, 0, 6, 6], "texture": "#4"},
				"south": {"uv": [0, 0, 5, 6], "texture": "#4"},
				"west": {"uv": [0, 0, 6, 6], "texture": "#4"},
				"up": {"uv": [0, 0, 5, 6], "texture": "#4"},
				"down": {"uv": [0, 0, 16, 16], "texture": "#5"}
			}
		},
		{
			"name": "Log2",
			"from": [12, 0, 12],
			"to": [18, 7, 18],
			"rotation": {"angle": 45, "axis": "y", "origin": [15.5, 3, 15]},
			"faces": {
				"north": {"uv": [0, 0, 6, 7], "texture": "#4"},
				"east": {"uv": [0, 0, 6, 7], "texture": "#4"},
				"south": {"uv": [0, 0, 6, 7], "texture": "#4"},
				"west": {"uv": [0, 0, 6, 7], "texture": "#4"},
				"up": {"uv": [0, 0, 6, 6], "texture": "#4"},
				"down": {"uv": [0, 0, 16, 16], "texture": "#5"}
			}
		},
		{
			"name": "Log5",
			"from": [12, 0.01, -2],
			"to": [19, 7.01, 5],
			"rotation": {"angle": -45, "axis": "y", "origin": [15.5, 3, 1]},
			"faces": {
				"north": {"uv": [0, 0, 7, 7], "texture": "#4"},
				"east": {"uv": [0, 0, 7, 7], "texture": "#4"},
				"south": {"uv": [0, 0, 7, 7], "texture": "#4"},
				"west": {"uv": [0, 0, 7, 7], "texture": "#4"},
				"up": {"uv": [0, 0, 7, 7], "texture": "#4"},
				"down": {"uv": [0, 0, 16, 16], "texture": "#5"}
			}
		},
		{
			"name": "Log3",
			"from": [14.5, 0, 5.5],
			"to": [20.5, 5, 10.5],
			"rotation": {"angle": 0, "axis": "y", "origin": [17.5, 2, 8]},
			"faces": {
				"north": {"uv": [0, 0, 6, 5], "texture": "#4"},
				"east": {"uv": [0, 0, 5, 5], "texture": "#4"},
				"south": {"uv": [0, 0, 6, 5], "texture": "#4"},
				"west": {"uv": [0, 0, 5, 5], "texture": "#4"},
				"up": {"uv": [0, 0, 6, 5], "rotation": 90, "texture": "#4"},
				"down": {"uv": [0, 0, 16, 16], "texture": "#5"}
			}
		},
		{
			"name": "iron_axe_0",
			"from": [4, 7, 6],
			"to": [6, 14, 7],
			"rotation": {"angle": 0, "axis": "y", "origin": [5, 10.5, 6.5]},
			"faces": {
				"north": {"uv": [9, 1, 11, 8], "rotation": 180, "texture": "#6"},
				"south": {"uv": [9, 8, 11, 1], "texture": "#6"},
				"up": {"uv": [11, 7, 9, 6], "texture": "#6"}
			}
		},
		{
			"name": "iron_axe_1",
			"from": [3, 8, 6],
			"to": [4, 16, 7],
			"rotation": {"angle": 0, "axis": "y", "origin": [3.5, 12, 6.5]},
			"faces": {
				"north": {"uv": [8, 2, 9, 10], "rotation": 180, "texture": "#6"},
				"east": {"uv": [8, 2, 9, 10], "rotation": 180, "texture": "#6"},
				"south": {"uv": [8, 10, 9, 2], "texture": "#6"},
				"west": {"uv": [8, 2, 9, 10], "rotation": 180, "texture": "#6"},
				"up": {"uv": [8, 9, 9, 10], "texture": "#6"}
			}
		},
		{
			"name": "iron_axe_2",
			"from": [6, 8, 6],
			"to": [7, 15, 7],
			"rotation": {"angle": 0, "axis": "y", "origin": [6.5, 11.5, 6.5]},
			"faces": {
				"north": {"uv": [11, 2, 12, 9], "rotation": 180, "texture": "#6"},
				"east": {"uv": [11, 9, 12, 2], "rotation": 180, "texture": "#6"},
				"south": {"uv": [11, 9, 12, 2], "texture": "#6"},
				"west": {"uv": [11, 9, 12, 2], "rotation": 180, "texture": "#6"},
				"up": {"uv": [11, 9, 12, 8], "texture": "#6"}
			}
		},
		{
			"name": "iron_axe_3",
			"from": [2, 9, 6],
			"to": [3, 13, 7],
			"rotation": {"angle": 0, "axis": "y", "origin": [2.5, 11, 6.5]},
			"faces": {
				"north": {"uv": [8, 7, 7, 3], "rotation": 180, "texture": "#6"},
				"south": {"uv": [8, 7, 7, 3], "texture": "#6"},
				"west": {"uv": [8, 7, 7, 3], "rotation": 180, "texture": "#6"},
				"up": {"uv": [8, 7, 7, 6], "texture": "#6"},
				"down": {"uv": [9, 4, 8, 3], "rotation": 180, "texture": "#6"}
			}
		},
		{
			"name": "iron_axe_4",
			"from": [1, 10, 6],
			"to": [2, 12, 7],
			"rotation": {"angle": 0, "axis": "y", "origin": [1.5, 11, 6.5]},
			"faces": {
				"north": {"uv": [6, 4, 7, 6], "rotation": 180, "texture": "#6"},
				"south": {"uv": [6, 4, 7, 6], "texture": "#6"},
				"west": {"uv": [6, 4, 7, 6], "rotation": 180, "texture": "#6"},
				"up": {"uv": [6, 5, 7, 6], "texture": "#6"},
				"down": {"uv": [7, 4, 8, 5], "rotation": 180, "texture": "#6"}
			}
		},
		{
			"name": "iron_axe_5",
			"from": [7, 10, 6],
			"to": [8, 15, 7],
			"rotation": {"angle": 0, "axis": "y", "origin": [7.5, 12.5, 6.5]},
			"faces": {
				"north": {"uv": [12, 4, 13, 9], "rotation": 180, "texture": "#6"},
				"east": {"uv": [13, 9, 12, 4], "rotation": 180, "texture": "#6"},
				"south": {"uv": [13, 9, 12, 4], "texture": "#6"},
				"up": {"uv": [13, 9, 12, 8], "texture": "#6"},
				"down": {"uv": [14, 5, 13, 4], "rotation": 180, "texture": "#6"}
			}
		},
		{
			"name": "iron_axe_6",
			"from": [8, 12, 6],
			"to": [9, 14, 7],
			"rotation": {"angle": 0, "axis": "y", "origin": [8.5, 13, 6.5]},
			"faces": {
				"north": {"uv": [13, 6, 14, 8], "rotation": 180, "texture": "#6"},
				"east": {"uv": [13, 6, 14, 8], "rotation": 180, "texture": "#6"},
				"south": {"uv": [13, 6, 14, 8], "texture": "#6"},
				"up": {"uv": [13, 7, 14, 8], "texture": "#6"},
				"down": {"uv": [14, 6, 15, 7], "rotation": 180, "texture": "#6"}
			}
		},
		{
			"name": "iron_axe_7",
			"from": [2, 14, 6],
			"to": [3, 17, 7],
			"rotation": {"angle": 0, "axis": "y", "origin": [2.5, 15.5, 6.5]},
			"faces": {
				"north": {"uv": [7, 8, 8, 11], "rotation": 180, "texture": "#6"},
				"east": {"uv": [7, 8, 8, 11], "rotation": 180, "texture": "#6"},
				"south": {"uv": [7, 8, 8, 11], "texture": "#6"},
				"west": {"uv": [7, 8, 8, 11], "rotation": 180, "texture": "#6"},
				"up": {"uv": [7, 10, 8, 11], "texture": "#6"},
				"down": {"uv": [8, 8, 9, 9], "rotation": 180, "texture": "#6"}
			}
		},
		{
			"name": "iron_axe_8",
			"from": [4, 14, 6],
			"to": [5, 15, 7],
			"rotation": {"angle": 0, "axis": "y", "origin": [4.5, 14.5, 6.5]},
			"faces": {
				"north": {"uv": [9, 8, 10, 9], "rotation": 180, "texture": "#6"},
				"east": {"uv": [9, 8, 10, 9], "rotation": 180, "texture": "#6"},
				"south": {"uv": [9, 8, 10, 9], "texture": "#6"},
				"up": {"uv": [9, 8, 10, 9], "texture": "#6"}
			}
		},
		{
			"name": "iron_axe_9",
			"from": [1, 15, 6],
			"to": [2, 18, 7],
			"rotation": {"angle": 0, "axis": "y", "origin": [1.5, 16.5, 6.5]},
			"faces": {
				"north": {"uv": [6, 9, 7, 12], "rotation": 180, "texture": "#6"},
				"east": {"uv": [6, 9, 7, 12], "rotation": 180, "texture": "#6"},
				"south": {"uv": [6, 9, 7, 12], "texture": "#6"},
				"west": {"uv": [6, 9, 7, 12], "rotation": 180, "texture": "#6"},
				"up": {"uv": [6, 11, 7, 12], "texture": "#6"},
				"down": {"uv": [7, 9, 8, 10], "rotation": 180, "texture": "#6"}
			}
		},
		{
			"name": "iron_axe_10",
			"from": [0, 16, 6],
			"to": [1, 19, 7],
			"rotation": {"angle": 0, "axis": "y", "origin": [0.5, 17.5, 6.5]},
			"faces": {
				"north": {"uv": [5, 10, 6, 13], "rotation": 180, "texture": "#6"},
				"east": {"uv": [5, 10, 6, 13], "rotation": 180, "texture": "#6"},
				"south": {"uv": [5, 10, 6, 13], "texture": "#6"},
				"west": {"uv": [5, 10, 6, 13], "rotation": 180, "texture": "#6"},
				"up": {"uv": [5, 12, 6, 13], "texture": "#6"},
				"down": {"uv": [6, 10, 7, 11], "rotation": 180, "texture": "#6"}
			}
		},
		{
			"name": "iron_axe_11",
			"from": [-1, 17, 6],
			"to": [0, 20, 7],
			"rotation": {"angle": 0, "axis": "y", "origin": [-0.5, 18.5, 6.5]},
			"faces": {
				"north": {"uv": [4, 11, 5, 14], "rotation": 180, "texture": "#6"},
				"east": {"uv": [4, 11, 5, 14], "rotation": 180, "texture": "#6"},
				"south": {"uv": [4, 11, 5, 14], "texture": "#6"},
				"west": {"uv": [4, 11, 5, 14], "rotation": 180, "texture": "#6"},
				"up": {"uv": [4, 13, 5, 14], "texture": "#6"},
				"down": {"uv": [5, 11, 6, 12], "rotation": 180, "texture": "#6"}
			}
		},
		{
			"name": "iron_axe_12",
			"from": [-2, 18, 6],
			"to": [-1, 21, 7],
			"rotation": {"angle": 0, "axis": "y", "origin": [-1.5, 19.5, 6.5]},
			"faces": {
				"north": {"uv": [3, 12, 4, 15], "rotation": 180, "texture": "#6"},
				"east": {"uv": [3, 12, 4, 15], "rotation": 180, "texture": "#6"},
				"south": {"uv": [3, 12, 4, 15], "texture": "#6"},
				"west": {"uv": [3, 12, 4, 15], "rotation": 180, "texture": "#6"},
				"up": {"uv": [3, 14, 4, 15], "texture": "#6"},
				"down": {"uv": [4, 12, 5, 13], "rotation": 180, "texture": "#6"}
			}
		},
		{
			"name": "iron_axe_13",
			"from": [-3, 19, 6],
			"to": [-2, 21, 7],
			"rotation": {"angle": 0, "axis": "y", "origin": [-2.5, 20, 6.5]},
			"faces": {
				"north": {"uv": [2, 13, 3, 15], "rotation": 180, "texture": "#6"},
				"south": {"uv": [2, 13, 3, 15], "texture": "#6"},
				"west": {"uv": [2, 13, 3, 15], "rotation": 180, "texture": "#6"},
				"up": {"uv": [2, 14, 3, 15], "texture": "#6"},
				"down": {"uv": [3, 13, 4, 14], "rotation": 180, "texture": "#6"}
			}
		},
		{
			"name": "SaplingOak1",
			"from": [11, 11, 7],
			"to": [11, 19, 15],
			"rotation": {"angle": -45, "axis": "y", "origin": [11, 15, 11]},
			"faces": {
				"east": {"uv": [0, 0, 16, 16], "texture": "#0"},
				"west": {"uv": [0, 0, 16, 16], "texture": "#0"}
			}
		},
		{
			"name": "SaplingOak2",
			"from": [7, 11, 11],
			"to": [15, 19, 11],
			"rotation": {"angle": -45, "axis": "y", "origin": [11, 15, 11]},
			"faces": {
				"north": {"uv": [0, 0, 16, 16], "texture": "#0"},
				"south": {"uv": [0, 0, 16, 16], "texture": "#0"}
			}
		},
		{
			"name": "SaplingSpruce3",
			"from": [6, 10.5, 3],
			"to": [14, 18.5, 3],
			"rotation": {"angle": -45, "axis": "y", "origin": [10, 14, 3]},
			"faces": {
				"north": {"uv": [0, 0, 16, 16], "texture": "#1"},
				"south": {"uv": [0, 0, 16, 16], "texture": "#1"}
			}
		},
		{
			"name": "SaplingSpruce2",
			"from": [10, 10.5, -1],
			"to": [10, 18.5, 7],
			"rotation": {"angle": -45, "axis": "y", "origin": [10, 14, 3]},
			"faces": {
				"east": {"uv": [0, 0, 16, 16], "texture": "#1"},
				"west": {"uv": [0, 0, 16, 16], "texture": "#1"}
			}
		},
		{
			"from": [8.025, 7.325, 0.975],
			"to": [8.7, 11.375, 5.025],
			"faces": {
				"north": {"uv": [10, 10, 11, 16], "texture": "#flowerpot"},
				"east": {"uv": [5, 10, 11, 16], "texture": "#flowerpot"},
				"south": {"uv": [5, 10, 6, 16], "texture": "#flowerpot"},
				"west": {"uv": [5, 10, 11, 16], "texture": "#flowerpot"},
				"up": {"uv": [5, 5, 6, 11], "texture": "#flowerpot"}
			}
		},
		{
			"from": [11.4, 7.325, 0.975],
			"to": [12.075, 11.375, 5.025],
			"faces": {
				"north": {"uv": [5, 10, 6, 16], "texture": "#flowerpot"},
				"east": {"uv": [5, 10, 11, 16], "texture": "#flowerpot"},
				"south": {"uv": [10, 10, 11, 16], "texture": "#flowerpot"},
				"west": {"uv": [5, 10, 11, 16], "texture": "#flowerpot"},
				"up": {"uv": [10, 5, 11, 11], "texture": "#flowerpot"}
			}
		},
		{
			"from": [8.7, 7.325, 0.975],
			"to": [11.4, 11.375, 1.65],
			"faces": {
				"north": {"uv": [6, 10, 10, 16], "texture": "#flowerpot"},
				"south": {"uv": [6, 10, 10, 16], "texture": "#flowerpot"},
				"up": {"uv": [6, 5, 10, 6], "texture": "#flowerpot"}
			}
		},
		{
			"from": [8.7, 7.325, 4.35],
			"to": [11.4, 11.375, 5.025],
			"faces": {
				"north": {"uv": [6, 10, 10, 16], "texture": "#flowerpot"},
				"south": {"uv": [6, 10, 10, 16], "texture": "#flowerpot"},
				"up": {"uv": [6, 10, 10, 11], "texture": "#flowerpot"}
			}
		},
		{
			"from": [8.7, 7.325, 1.65],
			"to": [11.4, 10.025, 4.35],
			"faces": {
				"up": {"uv": [6, 6, 10, 10], "texture": "#dirt"}
			}
		},
		{
			"from": [8.5, 7.75, 9],
			"to": [9.25, 12.25, 13.5],
			"faces": {
				"north": {"uv": [10, 10, 11, 16], "texture": "#flowerpot"},
				"east": {"uv": [5, 10, 11, 16], "texture": "#flowerpot"},
				"south": {"uv": [5, 10, 6, 16], "texture": "#flowerpot"},
				"west": {"uv": [5, 10, 11, 16], "texture": "#flowerpot"},
				"up": {"uv": [5, 5, 6, 11], "texture": "#flowerpot"}
			}
		},
		{
			"from": [12.25, 7.75, 9],
			"to": [13, 12.25, 13.5],
			"faces": {
				"north": {"uv": [5, 10, 6, 16], "texture": "#flowerpot"},
				"east": {"uv": [5, 10, 11, 16], "texture": "#flowerpot"},
				"south": {"uv": [10, 10, 11, 16], "texture": "#flowerpot"},
				"west": {"uv": [5, 10, 11, 16], "texture": "#flowerpot"},
				"up": {"uv": [10, 5, 11, 11], "texture": "#flowerpot"}
			}
		},
		{
			"from": [9.25, 7.75, 9],
			"to": [12.25, 12.25, 9.75],
			"faces": {
				"north": {"uv": [6, 10, 10, 16], "texture": "#flowerpot"},
				"south": {"uv": [6, 10, 10, 16], "texture": "#flowerpot"},
				"up": {"uv": [6, 5, 10, 6], "texture": "#flowerpot"}
			}
		},
		{
			"from": [9.25, 7.75, 12.75],
			"to": [12.25, 12.25, 13.5],
			"faces": {
				"north": {"uv": [6, 10, 10, 16], "texture": "#flowerpot"},
				"south": {"uv": [6, 10, 10, 16], "texture": "#flowerpot"},
				"up": {"uv": [6, 10, 10, 11], "texture": "#flowerpot"}
			}
		},
		{
			"from": [9.25, 7.75, 9.75],
			"to": [12.25, 10.75, 12.75],
			"faces": {
				"up": {"uv": [6, 6, 10, 10], "texture": "#dirt"}
			}
		}
	],
	"groups": [0, 1, 2, 3, 4, 5, 6, 7, 8, 9, 10, 11, 12, 13, 14, 15, 16,
		{
			"name": "iron_axe",
			"origin": [8, 8, 8],
			"children": [17, 18, 19, 20, 21, 22, 23, 24, 25, 26, 27, 28, 29, 30]
		},
		{
			"name": "flower_pot",
			"origin": [8, 8, 8],
			"children": [31, 32, 33, 34, 35]
		},
		{
			"name": "flower_pot",
			"origin": [8, 8, 8],
			"children": [36, 37, 38, 39, 40]
		}
	]
}