{
	"credit": "Made with Blockbench",
	"ambientocclusion": false,
	"textures": {
		"5": "item/shears",
		"7": "block/black_wool",
		"8": "block/green_wool",
		"9": "block/orange_wool",
		"10": "block/red_wool",
		"11": "block/white_wool",
		"12": "block/hay_block_side",
		"13": "block/hay_block_top",
		"14": "entity/chest/normal",
		"15": "item/bucket",
		"16": "block/oak_planks",
		"17": "block/water_still",
		"18": "minecolonies:blocks/tallgrass",
		"particle": "block/oak_planks"
	},
	"elements": [
		{
			"name": "haybale 1",
			"from": [8, 0, 8.5],
			"to": [16, 4, 15.5],
			"faces": {
				"north": {"uv": [0, 7, 16, 15.998], "texture": "#12"},
				"east": {"uv": [0, 7, 16, 15.998], "texture": "#12"},
				"south": {"uv": [0, 7, 16, 15.998], "texture": "#12"},
				"west": {"uv": [0, 7, 16, 15.998], "texture": "#12"},
				"up": {"uv": [0, 0, 16, 16], "texture": "#13"},
				"down": {"uv": [0, 0, 16, 15.999], "texture": "#13"}
			}
		},
		{
			"name": "planks7",
			"from": [0, 2.54, 15.8],
			"to": [7.2, 3.54, 16],
			"faces": {
				"north": {"uv": [0, 3, 16, 8], "texture": "#16"},
				"east": {"uv": [2, 7, 5.999, 8], "rotation": 90, "texture": "#16"},
				"south": {"uv": [0, 3, 16, 8], "texture": "#16"},
				"west": {"uv": [2, 7, 5.999, 8], "rotation": 90, "texture": "#16"},
				"up": {"uv": [0, 3, 16, 4], "texture": "#16"},
				"down": {"uv": [0, 11, 16, 11.999], "texture": "#16"}
			}
		},
		{
			"name": "planks8",
			"from": [0, 0.5, 15.8],
			"to": [7.2, 1.5, 16],
			"faces": {
				"north": {"uv": [0, 3, 16, 8], "texture": "#16"},
				"east": {"uv": [2, 7, 5.999, 8], "rotation": 90, "texture": "#16"},
				"south": {"uv": [0, 3, 16, 8], "texture": "#16"},
				"west": {"uv": [2, 7, 5.999, 8], "rotation": 90, "texture": "#16"},
				"up": {"uv": [0, 7, 16, 8], "texture": "#16"},
				"down": {"uv": [0, 15, 16, 15.999], "texture": "#16"}
			}
		},
		{
			"name": "planks9",
			"from": [0, 0, 7],
			"to": [7.2, 0.2, 16],
			"faces": {
				"north": {"uv": [6, 7, 7.999, 8], "texture": "#16"},
				"east": {"uv": [6, 7, 7.999, 8], "texture": "#16"},
				"south": {"uv": [6, 7, 7.999, 8], "texture": "#16"},
				"west": {"uv": [6, 7, 7.999, 8], "texture": "#16"},
				"up": {"uv": [0, 0, 11.199, 15.999], "rotation": 180, "texture": "#16"},
				"down": {"uv": [0, 0, 11.199, 15.999], "texture": "#16"}
			}
		},
		{
			"name": "planks10",
			"from": [0.2, 0, 7.46],
			"to": [0.4, 4, 8.46],
			"faces": {
				"north": {"uv": [0, 3, 16, 4], "rotation": 270, "texture": "#16"},
				"east": {"uv": [0, 3, 16, 8], "rotation": 90, "texture": "#16"},
				"south": {"uv": [0, 3, 16, 4], "rotation": 270, "texture": "#16"},
				"west": {"uv": [0, 3, 16, 8], "rotation": 270, "texture": "#16"},
				"up": {"uv": [6, 7, 9.999, 8], "rotation": 90, "texture": "#16"}
			}
		},
		{
			"name": "planks11",
			"from": [0.2, 0, 14.46],
			"to": [0.4, 4, 15.46],
			"faces": {
				"north": {"uv": [0, 3, 16, 4], "rotation": 270, "texture": "#16"},
				"east": {"uv": [0, 3, 16, 8], "rotation": 90, "texture": "#16"},
				"south": {"uv": [0, 3, 16, 4], "rotation": 270, "texture": "#16"},
				"west": {"uv": [0, 3, 16, 8], "rotation": 270, "texture": "#16"},
				"up": {"uv": [6, 7, 9.999, 8], "rotation": 90, "texture": "#16"}
			}
		},
		{
			"name": "planks12",
			"from": [6.8, 0, 14.46],
			"to": [7, 4, 15.46],
			"faces": {
				"north": {"uv": [0, 3, 16, 4], "rotation": 270, "texture": "#16"},
				"east": {"uv": [0, 3, 16, 8], "rotation": 90, "texture": "#16"},
				"south": {"uv": [0, 3, 16, 4], "rotation": 270, "texture": "#16"},
				"west": {"uv": [0, 3, 16, 8], "rotation": 270, "texture": "#16"},
				"up": {"uv": [6, 7, 9.999, 8], "rotation": 90, "texture": "#16"}
			}
		},
		{
			"name": "planks13",
			"from": [6.8, 0, 7.46],
			"to": [7, 4, 8.46],
			"faces": {
				"north": {"uv": [0, 3, 16, 4], "rotation": 270, "texture": "#16"},
				"east": {"uv": [0, 3, 16, 8], "rotation": 90, "texture": "#16"},
				"south": {"uv": [0, 3, 16, 4], "rotation": 270, "texture": "#16"},
				"west": {"uv": [0, 3, 16, 8], "rotation": 270, "texture": "#16"},
				"up": {"uv": [6, 7, 9.999, 8], "rotation": 90, "texture": "#16"}
			}
		},
		{
			"name": "bucket",
			"from": [1, 0, 1],
			"to": [6, 0.5, 6],
			"faces": {
				"north": {"uv": [6, 14, 11, 15], "texture": "#15"},
				"east": {"uv": [6, 14, 11, 15], "texture": "#15"},
				"south": {"uv": [6, 14, 11, 15], "texture": "#15"},
				"west": {"uv": [6, 14, 11, 15], "texture": "#15"},
				"up": {"uv": [6, 14, 11, 15], "rotation": 270, "texture": "#15"},
				"down": {"uv": [6, 14, 11, 15], "rotation": 90, "texture": "#15"}
			}
		},
		{
			"name": "bucket2",
			"from": [1, 0.5, 6],
			"to": [6, 1.5, 6.5],
			"faces": {
				"north": {"uv": [4, 12, 12, 14], "texture": "#15"},
				"east": {"uv": [5, 14, 10, 15], "texture": "#15"},
				"south": {"uv": [4, 12, 12, 14], "texture": "#15"},
				"west": {"uv": [6, 14, 11, 15], "texture": "#15"},
				"down": {"uv": [6, 14, 11, 15], "rotation": 90, "texture": "#15"}
			}
		},
		{
			"name": "bucket 3",
			"from": [0.5, 0.5, 1],
			"to": [1, 1.5, 6],
			"faces": {
				"north": {"uv": [5, 14, 10, 15], "texture": "#15"},
				"east": {"uv": [4, 12, 12, 14], "texture": "#15"},
				"south": {"uv": [5, 14, 10, 15], "texture": "#15"},
				"west": {"uv": [4, 12, 12, 14], "texture": "#15"},
				"up": {"uv": [6, 14, 11, 15], "rotation": 180, "texture": "#15"},
				"down": {"uv": [6, 14, 11, 15], "rotation": 180, "texture": "#15"}
			}
		},
		{
			"name": "bucket4",
			"from": [1, 0.5, 0.5],
			"to": [6, 1.5, 1],
			"faces": {
				"north": {"uv": [4, 12, 12, 14], "texture": "#15"},
				"east": {"uv": [5, 14, 10, 15], "texture": "#15"},
				"south": {"uv": [4, 12, 12, 14], "texture": "#15"},
				"west": {"uv": [6, 14, 11, 15], "texture": "#15"},
				"up": {"uv": [6, 14, 11, 15], "rotation": 270, "texture": "#15"},
				"down": {"uv": [6, 14, 11, 15], "rotation": 90, "texture": "#15"}
			}
		},
		{
			"name": "bucket5",
			"from": [6, 0.5, 1],
			"to": [6.5, 1.5, 6],
			"faces": {
				"north": {"uv": [5, 14, 10, 15], "texture": "#15"},
				"east": {"uv": [4, 12, 12, 14], "texture": "#15"},
				"south": {"uv": [5, 14, 10, 15], "texture": "#15"},
				"west": {"uv": [4, 12, 12, 14], "texture": "#15"},
				"up": {"uv": [6, 14, 11, 15], "rotation": 180, "texture": "#15"},
				"down": {"uv": [6, 14, 11, 15], "rotation": 180, "texture": "#15"}
			}
		},
		{
			"name": "bucket6",
			"from": [6.3, 1.5, 0.8],
			"to": [6.8, 2.5, 6],
			"faces": {
				"east": {"uv": [3, 9, 13, 11], "texture": "#15"},
				"west": {"uv": [3, 9, 13, 11], "texture": "#15"},
				"up": {"uv": [6, 14, 11, 15], "rotation": 180, "texture": "#15"},
				"down": {"uv": [6, 14, 11, 15], "rotation": 180, "texture": "#15"}
			}
		},
		{
			"name": "bucket7",
			"from": [0, 1.5, 0.3],
			"to": [6.8, 2.5, 0.8],
			"faces": {
				"north": {"uv": [3, 11, 13, 13], "texture": "#15"},
				"east": {"uv": [5, 14, 10, 15], "texture": "#15"},
				"south": {"uv": [3, 10, 13, 12], "texture": "#15"},
				"west": {"uv": [6, 14, 11, 15], "texture": "#15"},
				"up": {"uv": [6, 14, 11, 15], "rotation": 270, "texture": "#15"},
				"down": {"uv": [6, 14, 11, 15], "rotation": 90, "texture": "#15"}
			}
		},
		{
			"name": "bucket8",
			"from": [6, 1.5, 0.8],
			"to": [6.3, 2.5, 1.2],
			"faces": {
				"south": {"uv": [5, 14, 10, 15], "texture": "#15"},
				"west": {"uv": [5, 14, 10, 15], "texture": "#15"},
				"up": {"uv": [6, 14, 11, 15], "rotation": 180, "texture": "#15"},
				"down": {"uv": [6, 14, 11, 15], "rotation": 180, "texture": "#15"}
			}
		},
		{
			"name": "bucket9",
			"from": [6, 1.5, 5.8],
			"to": [6.3, 2.5, 6],
			"faces": {
				"north": {"uv": [5, 14, 10, 15], "texture": "#15"},
				"west": {"uv": [5, 14, 10, 15], "texture": "#15"},
				"up": {"uv": [6, 14, 11, 15], "rotation": 180, "texture": "#15"}
			}
		},
		{
			"name": "bucket10",
			"from": [0.5, 1.5, 0.8],
			"to": [1, 2.5, 1.2],
			"faces": {
				"east": {"uv": [5, 14, 10, 15], "texture": "#15"},
				"south": {"uv": [5, 14, 10, 15], "texture": "#15"},
				"up": {"uv": [6, 14, 11, 15], "rotation": 180, "texture": "#15"},
				"down": {"uv": [6, 14, 11, 15], "rotation": 180, "texture": "#15"}
			}
		},
		{
			"name": "bucket11",
			"from": [0.5, 1.5, 5.8],
			"to": [1, 2.5, 6],
			"faces": {
				"north": {"uv": [5, 14, 10, 15], "texture": "#15"},
				"east": {"uv": [5, 14, 10, 15], "texture": "#15"},
				"up": {"uv": [6, 14, 11, 15], "rotation": 180, "texture": "#15"}
			}
		},
		{
			"name": "bucket12",
			"from": [0, 1.5, 0.8],
			"to": [0.5, 2.5, 6],
			"faces": {
				"east": {"uv": [3, 9, 13, 11], "texture": "#15"},
				"west": {"uv": [3, 9, 13, 11], "texture": "#15"},
				"up": {"uv": [6, 14, 11, 15], "rotation": 180, "texture": "#15"},
				"down": {"uv": [6, 14, 11, 15], "rotation": 180, "texture": "#15"}
			}
		},
		{
			"name": "bucket13",
			"from": [0, 1.5, 6],
			"to": [6.8, 2.5, 6.5],
			"faces": {
				"north": {"uv": [3, 10, 13, 12], "texture": "#15"},
				"east": {"uv": [5, 14, 10, 15], "texture": "#15"},
				"south": {"uv": [3, 10, 13, 12], "texture": "#15"},
				"west": {"uv": [6, 14, 11, 15], "texture": "#15"},
				"up": {"uv": [6, 14, 11, 15], "rotation": 270, "texture": "#15"},
				"down": {"uv": [6, 14, 11, 15], "rotation": 90, "texture": "#15"}
			}
		},
		{
			"name": "ChestBottom",
			"from": [8, 0, 0],
			"to": [16, 7, 8],
			"faces": {
				"north": {"uv": [10.5, 8.25, 14, 10.75], "rotation": 180, "texture": "#14"},
				"east": {"uv": [7, 8.25, 10.5, 10.75], "texture": "#14"},
				"south": {"uv": [3.5, 8.25, 7, 10.75], "texture": "#14"},
				"west": {"uv": [0, 8.25, 3.5, 10.75], "texture": "#14"},
				"up": {"uv": [7, 4.75, 10.5, 8.25], "texture": "#14"},
				"down": {"uv": [3.5, 4.75, 7, 8.25], "texture": "#14"}
			}
		},
		{
			"name": "grass",
			"from": [0.3, 0.2, 7],
			"to": [6.9, 2.7, 15.8],
			"faces": {
				"north": {"uv": [1, 6.8824, 14.98111, 15.99919], "texture": "#18"},
				"east": {"uv": [1, 6.8824, 14.98111, 15.99919], "texture": "#18"},
				"south": {"uv": [1, 6.8824, 14.98111, 15.99919], "texture": "#18"},
				"west": {"uv": [1, 6.8824, 14.98111, 15.99919], "texture": "#18"},
				"up": {"uv": [0.99836, 7.06168, 14.85609, 15.99263], "rotation": 90, "texture": "#18"}
			}
		},
		{
			"name": "ChestLid",
			"from": [8, 8.25, 7.75],
			"to": [16, 16.25, 10.75],
			"rotation": {"angle": -22.5, "axis": "x", "origin": [11, 8, 11]},
			"faces": {
				"north": {"uv": [3.5, 0, 7, 3.5], "rotation": 180, "texture": "#14"},
				"east": {"uv": [7, 3.5, 10.5, 4.75], "rotation": 270, "texture": "#14"},
				"south": {"uv": [7, 0, 10.5, 3.5], "texture": "#14"},
				"west": {"uv": [0, 3.5, 3.5, 4.75], "rotation": 90, "texture": "#14"},
				"up": {"uv": [10.5, 3.5, 14, 4.75], "texture": "#14"},
				"down": {"uv": [3.5, 3.5, 7, 4.75], "texture": "#14"}
			}
		},
		{
			"name": "ChestLatch",
			"from": [11.45, 16.25, 6.5],
			"to": [12.55, 16.75, 9],
			"rotation": {"angle": -22.5, "axis": "x", "origin": [11, 8, 11]},
			"faces": {
				"north": {"uv": [0.25, 0, 0.75, 0.25], "texture": "#14"},
				"east": {"uv": [0.75, 0.25, 1, 1.25], "rotation": 270, "texture": "#14"},
				"south": {"uv": [0.75, 0, 1.25, 0.25], "texture": "#14"},
				"west": {"uv": [0, 0.25, 0.25, 1.25], "rotation": 90, "texture": "#14"},
				"up": {"uv": [1, 0.25, 1.5, 1.25], "rotation": 180, "texture": "#14"},
				"down": {"uv": [0, 0, 0, 0], "texture": "#14"}
			}
		},
		{
			"name": "planks6",
			"from": [0, 0.5, 7],
			"to": [0.2, 1.5, 15.8],
			"faces": {
				"east": {"uv": [0, 3, 16, 8], "texture": "#16"},
				"west": {"uv": [0, 3, 16, 8], "texture": "#16"},
				"up": {"uv": [0, 7, 16, 8], "rotation": 90, "texture": "#16"},
				"down": {"uv": [0, 15, 16, 15.999], "rotation": 90, "texture": "#16"}
			}
		},
		{
			"name": "planks5",
			"from": [0, 2.54, 7],
			"to": [0.2, 3.54, 15.8],
			"faces": {
				"east": {"uv": [0, 3, 16, 8], "texture": "#16"},
				"west": {"uv": [0, 3, 16, 8], "texture": "#16"},
				"up": {"uv": [0, 3, 16, 4], "rotation": 90, "texture": "#16"},
				"down": {"uv": [0, 11, 16, 11.999], "rotation": 90, "texture": "#16"}
			}
		},
		{
			"name": "planks4",
			"from": [7, 0.5, 7],
			"to": [7.2, 1.5, 15.8],
			"faces": {
				"east": {"uv": [0, 3, 16, 8], "texture": "#16"},
				"west": {"uv": [0, 3, 16, 8], "texture": "#16"},
				"up": {"uv": [0, 7, 16, 8], "rotation": 90, "texture": "#16"},
				"down": {"uv": [0, 15, 16, 15.999], "rotation": 90, "texture": "#16"}
			}
		},
		{
			"name": "planks3",
			"from": [7, 2.54, 7],
			"to": [7.2, 3.54, 15.8],
			"faces": {
				"east": {"uv": [0, 3, 16, 8], "texture": "#16"},
				"west": {"uv": [0, 3, 16, 8], "texture": "#16"},
				"up": {"uv": [0, 3, 16, 4], "rotation": 90, "texture": "#16"},
				"down": {"uv": [0, 11, 16, 11.999], "rotation": 90, "texture": "#16"}
			}
		},
		{
			"name": "planks2",
			"from": [0, 2.54, 6.8],
			"to": [7.2, 3.54, 7],
			"faces": {
				"north": {"uv": [0, 3, 16, 8], "texture": "#16"},
				"east": {"uv": [2, 7, 5.999, 8], "rotation": 90, "texture": "#16"},
				"south": {"uv": [0, 3, 16, 8], "texture": "#16"},
				"west": {"uv": [2, 7, 5.999, 8], "rotation": 90, "texture": "#16"},
				"up": {"uv": [0, 3, 16, 4], "texture": "#16"},
				"down": {"uv": [0, 11, 16, 11.999], "texture": "#16"}
			}
		},
		{
			"name": "planks1",
			"from": [0, 0.5, 6.8],
			"to": [7.2, 1.5, 7],
			"faces": {
				"north": {"uv": [0, 3, 16, 8], "texture": "#16"},
				"east": {"uv": [2, 7, 5.999, 8], "rotation": 90, "texture": "#16"},
				"south": {"uv": [0, 3, 16, 8], "texture": "#16"},
				"west": {"uv": [2, 7, 5.999, 8], "rotation": 90, "texture": "#16"},
				"up": {"uv": [0, 3, 16, 4], "rotation": 180, "texture": "#16"},
				"down": {"uv": [0, 15, 16, 15.999], "texture": "#16"}
			}
		},
		{
			"name": "haybale 2",
			"from": [5, 4, 9.5],
			"to": [13, 7, 16.5],
			"rotation": {"angle": 22.5, "axis": "y", "origin": [8, 8, 8]},
			"faces": {
				"north": {"uv": [0, 0, 16, 6.999], "texture": "#12"},
				"east": {"uv": [0, 0, 16, 6.999], "texture": "#12"},
				"south": {"uv": [0, 0, 16, 6.999], "texture": "#12"},
				"west": {"uv": [0, 0, 16, 6.999], "texture": "#12"},
				"up": {"uv": [0, 0, 16, 16], "texture": "#13"},
				"down": {"uv": [0, 0, 16, 16], "texture": "#13"}
			}
		},
		{
			"name": "water",
			"from": [1, 1, 1],
			"to": [6, 1.5, 6],
			"faces": {
				"up": {"uv": [0, 0, 16, 16], "rotation": 270, "texture": "#17"},
				"down": {"uv": [6, 14, 11, 15], "rotation": 90, "texture": "#17"}
			}
		},
		{
			"name": "wool5",
			"from": [10.5, 8, 2.5],
			"to": [13.5, 11, 5.5],
			"faces": {
				"north": {"uv": [0, 0, 15.999, 15.999], "texture": "#11"},
				"east": {"uv": [0, 0, 15.999, 15.999], "texture": "#11"},
				"south": {"uv": [0, 0, 15.999, 15.999], "texture": "#11"},
				"west": {"uv": [0, 0, 15.999, 15.999], "texture": "#11"},
				"up": {"uv": [0, 0, 15.999, 15.999], "texture": "#11"}
			}
		},
		{
			"name": "wool4",
			"from": [9, 5, 1],
			"to": [12, 8, 4],
			"faces": {
				"north": {"uv": [0, 0, 15.999, 15.999], "texture": "#8"},
				"west": {"uv": [0, 0, 15.999, 15.999], "texture": "#8"},
				"up": {"uv": [0, 0, 16, 16], "texture": "#8"}
			}
		},
		{
			"name": "wool3",
			"from": [9, 5, 4],
			"to": [12, 8, 7],
			"faces": {
				"south": {"uv": [0, 0, 16, 16], "texture": "#7"},
				"west": {"uv": [0, 0, 16, 16], "texture": "#7"},
				"up": {"uv": [0, 0, 16, 16], "texture": "#7"}
			}
		},
		{
			"name": "wool2",
			"from": [12, 7, 1],
			"to": [15, 8, 4],
			"faces": {
				"north": {"uv": [0, 0, 15.999, 8], "texture": "#10"},
				"east": {"uv": [0, 0, 15.999, 8], "texture": "#10"},
				"up": {"uv": [0, 0, 16, 16], "texture": "#10"}
			}
		},
		{
			"name": "wool1",
			"from": [12, 5, 4],
			"to": [15, 8, 7],
			"faces": {
				"east": {"uv": [0, 0, 16, 16], "texture": "#9"},
				"south": {"uv": [0, 0, 16, 16], "texture": "#9"},
				"up": {"uv": [0, 0, 16, 16], "texture": "#9"}
			}
		},
		{
			"name": "shears",
			"from": [8.35, 7, 10.65],
			"to": [11.35, 7.01, 13.65],
			"faces": {
				"up": {"uv": [0, 0, 15.999, 15.999], "rotation": 90, "texture": "#5"}
			}
		}
	],
	"groups": [
		{
			"name": "blockhutfarmer",
			"origin": [8, 8, 8],
			"children": [0, 1, 2, 3, 4, 5, 6, 7, 8, 9, 10, 11, 12, 13, 14, 15, 16, 17, 18, 19, 20, 21, 22, 23, 24, 25, 26, 27, 28, 29, 30, 31, 32, 33, 34, 35, 36, 37, 38]
		}
	]
}